DATE,RAINFALL,SOLAR_RAD,HUMIDITY %,AVE_TEMP,N,P,K,SOIL_TEMP,STATUS
01/01/2024,2.333282306,14.61415996,56,33.27050781,71,54,16,15,Yellow
02/01/2024,9.028345058,25.08292015,78,22.93313973,61,44,17,19,Yellow
03/01/2024,5.119029763,26.07976669,94,22.68250321,80,43,16,25,Red
04/01/2024,0.320720815,28.38428286,60,32.5184788,73,58,21,32,Yellow
05/01/2024,6.672691744,29.37592086,72,30.5941033,61,38,20,32,Yellow
06/01/2024,9.580180013,11.27234822,54,33.51979594,68,41,16,18,Red
07/01/2024,4.334515998,22.03833031,62,30.82008187,93,41,17,22,Yellow
08/01/2024,5.46477761,15.45029784,89,31.3923356,89,60,19,24,Red
09/01/2024,7.731622508,19.04135173,99,22.03461853,76,44,17,25,Yellow
10/01/2024,5.821793136,23.89805324,78,32.92848208,67,60,25,17,Green
11/01/2024,4.621248808,15.2305696,60,27.13632283,70,44,19,19,Green
12/01/2024,9.30543009,22.80477962,99,34.59860345,90,49,21,20,Yellow
13/01/2024,0.856053582,22.71903716,86,23.89498992,62,52,16,34,Red
14/01/2024,9.305990139,14.56299305,64,20.84278656,92,44,16,16,Green
15/01/2024,7.147530325,22.58166524,56,24.0722246,66,54,21,22,Red
16/01/2024,7.508251326,26.43889479,56,22.31782303,63,58,22,23,Green
17/01/2024,8.842336264,24.12562767,94,30.64978531,70,47,17,25,Green
18/01/2024,5.510118648,12.83894075,81,21.6585947,61,41,17,36,Red
19/01/2024,9.026154596,19.50579704,99,24.143172,66,53,19,19,Green
20/01/2024,3.65530309,23.32557548,68,26.24007959,74,55,19,20,Green
21/01/2024,2.046967856,27.89568522,69,30.65302178,77,57,21,21,Red
22/01/2024,4.091146483,21.45181804,98,34.56319438,99,50,15,22,Yellow
23/01/2024,0.17183636,14.90562045,54,21.31880654,74,56,22,23,Green
24/01/2024,7.94228985,28.43176012,93,23.23753741,83,45,21,24,Green
25/01/2024,7.497794244,10.2980144,74,32.86787974,100,48,16,25,Yellow
26/01/2024,0.368703546,13.60793374,71,33.28841686,79,51,16,26,Green
27/01/2024,0.540947688,11.20862654,90,21.67829892,94,39,18,27,Red
28/01/2024,3.78255814,28.62949589,65,33.91853741,75,49,15,14,Red
29/01/2024,2.044756695,26.75044736,50,24.67867301,78,48,22,25,Green
30/01/2024,6.500233458,20.92448421,52,26.46028229,87,54,20,30,Yellow
31/01/2024,9.278229513,23.65091608,58,24.4130545,87,35,25,31,Red
01/02/2024,9.688715816,14.41295015,75,23.21507753,63,43,19,22,Yellow
02/02/2024,3.128569668,13.05012887,52,32.04959476,84,57,25,25,Green
03/02/2024,2.299999881,17.23959678,96,28.73808535,64,35,23,19,Yellow
04/02/2024,2.763724269,14.19455624,59,30.19361951,60,46,22,25,Green
05/02/2024,8.718125907,21.21029183,95,34.50484924,98,44,21,32,Green
06/02/2024,6.117096865,26.66012293,62,31.66113517,75,56,18,32,Yellow
07/02/2024,0.568628062,13.50611824,59,32.81351605,86,55,21,18,Green
08/02/2024,6.780951174,22.82135435,57,23.4440349,98,35,18,22,Yellow
09/02/2024,7.792165343,13.86515116,93,28.04651467,76,57,18,24,Yellow
10/02/2024,4.059011404,15.8181159,82,34.21065048,99,56,17,25,Yellow
11/02/2024,0.849013931,18.62426884,72,31.5411551,60,44,23,17,Green
12/02/2024,9.121191701,11.89537792,79,31.86768354,74,48,17,19,Red
13/02/2024,6.386237674,14.72453571,71,31.84164776,89,60,17,20,Green
14/02/2024,0.246918992,22.85915152,85,25.67663311,69,51,23,34,Red
15/02/2024,6.688437562,10.19810294,80,22.12736649,96,46,22,16,Red
16/02/2024,5.407988488,18.45417668,85,27.13333845,61,60,15,22,Yellow
17/02/2024,4.13365364,12.20458242,61,21.44195376,74,58,18,23,Yellow
18/02/2024,0.626851331,23.68241304,79,31.79151674,74,43,23,19,Yellow
19/02/2024,6.919246331,21.70958294,82,31.01540437,63,43,17,25,Yellow
20/02/2024,5.770752947,11.34678921,62,21.66316869,99,36,20,32,Green
21/02/2024,5.075821295,27.10725193,99,26.61181476,77,36,23,32,Yellow
22/02/2024,6.405904197,24.21994196,52,21.95132436,87,60,23,18,Green
23/02/2024,2.561650869,28.14920872,56,26.8176291,60,38,17,22,Green
24/02/2024,9.096712175,18.2740348,80,32.29429513,94,54,17,24,Red
25/02/2024,6.39601867,17.86209504,72,24.96719804,95,38,22,25,Green
26/02/2024,2.50982744,14.11715029,90,25.50481538,84,44,21,17,Red
27/02/2024,5.584918286,25.32396279,85,26.84038889,77,58,19,19,Red
28/02/2024,3.316875519,12.25614025,52,29.03126432,66,44,20,20,Green
29/02/2024,7.181324688,13.00430843,97,29.85932196,63,35,16,34,Green
01/03/2024,5.967867586,19.0066523,78,31.61975209,79,45,20,16,Red
02/03/2024,0.660146151,15.9186993,57,34.5865025,72,60,25,22,Green
03/03/2024,4.106000606,29.01594972,81,20.86053966,67,51,24,23,Red
04/03/2024,5.744416623,24.24160095,50,27.71660178,86,36,24,23,Red
05/03/2024,4.546621725,19.55056429,64,25.16028362,76,48,18,24,Green
06/03/2024,1.227843657,24.06734281,96,23.41314444,75,53,18,19,Yellow
07/03/2024,6.756818357,26.01502482,76,22.03422852,81,45,23,19,Red
08/03/2024,1.553209877,22.31776028,68,26.04602782,73,45,21,20,Yellow
09/03/2024,6.250976075,13.81276188,66,30.54755681,71,35,24,21,Yellow
10/03/2024,8.32517031,12.23204995,77,30.56057383,96,54,22,23,Red
11/03/2024,3.595685584,12.95850717,63,29.68192007,99,39,18,24,Yellow
12/03/2024,4.36870355,14.01462422,53,33.55404495,62,48,20,23,Yellow
13/03/2024,8.898049763,27.7220874,54,28.28754323,86,37,16,23,Yellow
14/03/2024,7.690863935,20.96187326,66,34.86742507,94,50,19,24,Yellow
15/03/2024,8.988432844,24.67491793,58,31.67160216,76,39,24,19,Red
16/03/2024,6.242477677,19.44014609,65,28.29205039,77,52,17,19,Green
17/03/2024,4.109360171,26.70477776,69,25.79397184,74,39,23,20,Green
18/03/2024,6.112778602,26.7064438,64,24.29177299,81,49,20,21,Yellow
19/03/2024,1.255782811,12.10481687,61,23.2057593,63,42,21,23,Yellow
20/03/2024,9.704563179,25.43262925,89,22.33400813,99,38,21,24,Red
21/03/2024,5.402897213,26.39592082,77,31.6716423,90,52,25,30,Red
22/03/2024,0.709337128,23.90327387,94,26.15593001,68,40,19,30,Green
23/03/2024,8.471926068,15.14971865,70,22.99458391,60,57,24,31,Green
24/03/2024,6.752719876,13.7755971,98,32.61017304,71,52,18,33,Red
25/03/2024,9.631068676,11.70085202,88,21.76046159,61,59,17,34,Green
26/03/2024,5.018059628,26.50622148,81,28.09207461,88,38,15,34,Yellow
27/03/2024,8.889114705,12.85387346,95,25.01530611,65,60,22,33,Yellow
28/03/2024,5.464053473,23.58836647,84,20.62502129,78,37,22,32,Green
29/03/2024,0.097357006,12.30636914,59,30.34035216,78,58,15,32,Green
30/03/2024,0.665318625,21.28964687,73,28.94794328,92,60,23,33,Yellow
31/03/2024,1.6926524,11.74663447,86,23.30426601,79,59,17,30,Red
01/04/2024,6.675591154,24.87746906,74,29.84732156,91,55,15,15.1,Yellow
02/04/2024,3.261334877,25.68630651,58,30.63415674,76,51,18,15,Green
03/04/2024,0.577167164,14.68217471,92,21.2351866,87,48,25,15,Yellow
04/04/2024,8.285424418,27.802857,74,27.57621942,71,60,22,15,Red
05/04/2024,8.876192671,15.49554999,91,29.19248731,90,57,24,15,Green
06/04/2024,6.733999841,29.62545836,76,29.18894407,67,35,22,16,Red
07/04/2024,0.646016518,27.35747481,72,23.29972226,60,54,19,19,Yellow
08/04/2024,8.503571268,25.64571852,64,25.50254332,83,58,23,20,Green
09/04/2024,3.510809987,12.15513747,58,20.45150606,83,57,19,21,Red
10/04/2024,1.903211071,13.69557535,50,21.34644227,40,72,77,21,Green
11/04/2024,8.024759087,29.51155813,94,22.33388769,23,72,84,23,Yellow
12/04/2024,7.135415659,16.12802468,67,24.38712031,39,58,85,23,Yellow
13/04/2024,5.368390394,11.87238236,78,33.75572236,22,72,85,21,Green
14/04/2024,4.058235372,26.87519297,80,27.04292795,36,67,77,21,Green
15/04/2024,8.699740834,16.23195977,90,30.13627248,32,73,81,36,Green
16/04/2024,0.352380922,19.90431839,75,32.04650521,58,70,84,19,Green
17/04/2024,8.739491928,15.54749143,64,21.52700781,59,70,84,20,Yellow
18/04/2024,9.529760013,24.6736196,61,30.12027683,42,62,75,21,Green
19/04/2024,0.328380952,27.31653362,80,29.8953361,28,74,81,23,Red
20/04/2024,0.883618066,12.22813101,95,21.71442686,58,66,79,24,Green
21/04/2024,1.428094746,14.74624241,90,26.6549818,43,66,79,30,Red
22/04/2024,3.600090617,29.22627708,81,31.07927096,58,63,81,30,Green
23/04/2024,0.190327,27.97522657,73,29.45342692,23,62,85,31,Yellow
24/04/2024,2.503471674,20.88372578,90,24.15194738,27,62,77,33,Red
25/04/2024,0.168495926,14.74824266,95,29.03441432,28,72,84,34,Red
26/04/2024,7.415659135,26.16013433,97,27.35658665,50,56,76,34,Red
27/04/2024,0.656085859,16.13590636,73,21.85474854,39,71,84,33,Green
28/04/2024,5.250987608,14.97682667,93,33.49057687,25,78,76,32,Green
29/04/2024,5.890360683,29.28249685,61,26.69563812,31,70,77,32,Red
30/04/2024,6.13484878,22.3180934,99,23.77521396,26,80,83,33,Green
01/05/2024,1.382143336,19.58449531,75,23.03405556,25,68,77,30,Red
02/05/2024,1.571912335,21.27358149,83,31.39304045,31,78,76,15.1,Yellow
03/05/2024,7.605789362,21.34516815,51,30.7787861,60,68,83,15,Green
04/05/2024,8.006740755,11.76665877,64,24.14634994,59,62,83,15,Red
05/05/2024,1.561549266,13.38533149,93,32.70055068,22,67,78,15,Green
06/05/2024,0.021046665,25.99965109,52,26.1386026,36,65,80,15,Yellow
07/05/2024,5.486934289,20.02873558,73,21.95709879,59,60,84,19,Yellow
08/05/2024,7.635387045,21.71163748,67,26.34196554,54,77,85,20,Green
09/05/2024,0.680098445,12.70865517,64,26.00729446,43,68,81,34,Yellow
10/05/2024,5.003902462,20.60339714,68,32.58706313,28,76,82,16,Green
11/05/2024,0.777765577,10.56056963,59,28.49320974,42,79,85,22,Red
12/05/2024,9.711459174,16.09886808,54,26.55212532,32,60,83,23,Yellow
13/05/2024,3.157873658,16.95463376,74,23.0214521,22,78,76,23,Yellow
14/05/2024,6.094491183,12.6643792,79,30.1973484,31,79,75,24,Red
15/05/2024,4.291824289,27.69465536,96,31.52805824,28,58,81,19,Green
16/05/2024,4.507461723,22.41758014,87,22.17328223,57,58,77,19,Red
17/05/2024,2.427074255,25.54418164,66,26.1567909,49,55,78,20,Red
18/05/2024,4.196349734,14.34455659,55,21.78566323,46,76,77,21,Green
19/05/2024,6.55667877,20.24040692,75,30.15079916,54,61,77,23,Yellow
20/05/2024,8.90791415,21.85250714,87,30.91655009,38,60,76,24,Yellow
21/05/2024,5.013963453,25.76774083,77,28.87000346,59,55,79,23,Green
22/05/2024,3.984763405,14.45624804,99,25.67102561,36,76,75,23,Green
23/05/2024,5.71467493,13.03299679,76,28.12989554,57,68,81,24,Green
24/05/2024,8.474606009,15.0323225,81,32.10038958,35,66,81,19,Yellow
25/05/2024,6.132000685,11.0156365,53,24.71483875,35,64,78,19,Green
26/05/2024,5.999521174,23.28734707,50,21.927517,52,60,79,21,Green
27/05/2024,2.510608165,25.95920558,75,28.32930371,27,76,83,25,Red
28/05/2024,8.525488866,29.9152552,79,23.26042695,57,60,84,23,Green
29/05/2024,6.581543728,18.8926813,99,23.57355552,52,68,78,15,Red
30/05/2024,4.734602769,14.38247695,71,26.85180124,43,79,79,15,Yellow
31/05/2024,8.201354344,20.92494732,97,33.4997096,44,74,85,15,Yellow
01/06/2024,5.905835752,26.33475917,60,21.94882781,24,55,78,16,Green
02/06/2024,3.720654585,12.18845093,82,23.18845525,29,77,75,17,Green
03/06/2024,2.351737933,13.58278487,83,25.23939687,20,60,78,19,Yellow
04/06/2024,2.138417294,13.86576909,51,27.37960191,56,67,78,20,Red
05/06/2024,1.938326923,29.91533068,84,21.83851121,37,66,85,14,Green
06/06/2024,8.584650679,25.37973821,64,31.11189738,49,71,76,15,Green
07/06/2024,0.871610992,11.39958147,72,21.27099077,59,69,80,19,Red
08/06/2024,2.961809332,16.11190397,53,23.28788008,20,79,77,12,Yellow
09/06/2024,8.808473179,28.28258427,80,20.51789873,24,56,85,18,Yellow
10/06/2024,6.818191953,25.70089489,74,26.54361109,51,72,75,36,Yellow
11/06/2024,4.25777378,27.95546975,90,34.28211777,57,73,85,13,Red
12/06/2024,7.714843511,12.26839372,53,31.15028367,22,64,82,14.9,Yellow
13/06/2024,9.81923184,14.9967425,78,23.28666769,52,73,79,12,Red
14/06/2024,2.72659722,22.16741761,99,28.52628788,29,75,75,9,Green
15/06/2024,1.331367747,14.87106309,57,33.33190031,44,59,78,10,Yellow
16/06/2024,4.94185243,10.3569726,65,25.15603338,41,69,82,23,Yellow
17/06/2024,1.363837295,29.45729298,52,34.4391846,52,56,85,23,Red
18/06/2024,4.610620703,11.4991653,78,31.69363638,34,76,80,24,Red
19/06/2024,9.877511255,18.53518186,86,26.20371312,42,74,83,19,Red
20/06/2024,3.565542853,13.8231337,95,21.93526317,34,71,79,19,Yellow
21/06/2024,2.401562732,18.97684184,92,24.8162521,27,73,79,20,Green
22/06/2024,0.123414251,12.67049433,74,28.60012574,30,70,79,21,Green
23/06/2024,8.174973451,22.87777915,74,23.06462643,57,57,75,23,Red
24/06/2024,5.195019845,19.06878518,53,29.96130434,27,79,82,24,Green
25/06/2024,3.158257226,11.72383641,99,32.85782857,32,71,85,23,Red
26/06/2024,2.003306032,21.87792054,65,23.73488843,31,76,82,23,Yellow
27/06/2024,9.769381782,16.47765609,50,33.15737848,33,75,84,24,Green
28/06/2024,5.079548376,18.77471262,68,31.97163314,47,80,77,19,Green
29/06/2024,8.996564221,26.09269708,58,24.63991185,54,62,80,19,Red
30/06/2024,6.997016292,29.77966348,79,33.43726285,47,79,78,36,Yellow
01/07/2024,2.615612774,25.54506263,58,30.89778622,35,57,83,21,Green
02/07/2024,2.217355731,15.91689508,59,30.49033848,53,73,77,23,Red
03/07/2024,9.199481502,12.58730055,66,34.16465205,45,61,78,24,Red
04/07/2024,5.801700434,25.24613998,72,29.44570098,37,78,79,30,Red
05/07/2024,0.267869751,27.56907098,63,24.37402766,30,75,81,30,Yellow
06/07/2024,6.431217806,11.16228569,93,34.05710725,37,55,82,31,Yellow
07/07/2024,7.181847302,23.78402208,67,22.34480982,53,65,76,33,Red
08/07/2024,6.769883372,28.66769378,51,22.42400199,22,60,85,14.9,Yellow
09/07/2024,9.001349096,20.54213621,54,23.37780222,60,61,78,34,Red
10/07/2024,8.477475341,10.22489894,65,26.57950198,42,67,77,33,Yellow
11/07/2024,6.698106977,22.09021555,59,26.18865293,39,76,76,32,Green
12/07/2024,2.42590932,12.16625,79,34.1194033,35,63,76,32,Red
13/07/2024,2.013610098,24.61877614,87,33.67560929,30,65,82,33,Red
14/07/2024,2.998883971,22.44442187,99,23.28104959,57,56,78,14.8,Red
15/07/2024,0.630820029,27.36828277,78,22.22295059,48,65,78,15.2,Yellow
16/07/2024,7.210733384,10.6222746,55,29.55482926,36,56,83,15,Yellow
17/07/2024,7.902122199,20.31639775,70,27.83836458,40,58,75,15,Green
18/07/2024,4.599701464,20.34530553,95,31.05953174,49,69,82,15,Yellow
19/07/2024,3.617678616,17.5965972,91,26.99794271,13,60,25,15,Green
20/07/2024,2.301970857,18.44963744,50,25.84633234,25,70,16,16,Red
21/07/2024,3.672758809,24.63237953,69,25.59837847,31,55,22,13,Green
22/07/2024,4.940617852,11.65831944,93,29.92230439,40,64,16,13.9,Yellow
23/07/2024,9.263204167,21.66167577,77,20.50695388,2,61,20,21,Yellow
24/07/2024,5.236528147,23.83560469,93,33.02925768,26,65,22,36,Green
25/07/2024,6.037944541,25.3600527,58,21.66652319,17,57,21,23,Red
26/07/2024,5.945934127,22.77584942,56,28.2164169,26,80,18,23,Yellow
27/07/2024,4.199995915,10.57174354,68,25.30769502,17,59,17,21,Yellow
28/07/2024,0.35086207,14.05617149,58,33.22504034,27,59,22,21,Yellow
29/07/2024,8.405706759,22.32379293,57,28.94604555,28,58,24,36,Yellow
30/07/2024,2.911201393,12.44495141,67,33.17629513,25,57,19,19,Green
31/07/2024,3.793301087,10.46641346,87,34.15944637,28,80,17,20,Red
01/08/2024,2.770899669,10.75440303,78,30.12838283,25,60,22,21,Yellow
02/08/2024,1.11527012,21.03487274,89,23.2725426,12,78,23,23,Green
03/08/2024,0.468595012,18.33861093,59,34.28334617,6,77,25,24,Green
04/08/2024,2.335769036,24.63109749,59,27.21945362,22,79,17,30,Red
05/08/2024,5.751464726,20.21276726,68,29.9617628,27,80,15,30,Yellow
06/08/2024,5.91211667,10.87645971,75,25.17160222,10,55,23,31,Green
07/08/2024,0.991421035,11.9461907,60,25.59542772,23,65,20,33,Green
08/08/2024,1.227691773,24.45303809,76,25.08093052,19,78,16,34,Green
09/08/2024,1.835430948,20.53024635,63,24.87239149,19,65,25,34,Yellow
10/08/2024,4.969560436,17.48318541,78,33.88594676,22,70,19,33,Green
11/08/2024,1.507208203,10.63507206,97,24.07817007,37,64,22,32,Green
12/08/2024,0.71440531,25.73613327,75,21.84642478,11,71,17,32,Green
13/08/2024,3.702391676,17.02583934,60,21.52984848,18,79,20,9,Red
14/08/2024,4.964696052,27.86812996,50,30.6042403,21,63,17,5,Green
15/08/2024,1.729596868,12.91352479,91,20.74546696,24,80,22,14,Green
16/08/2024,0.917574587,16.97462779,74,26.02290146,34,60,22,15,Red
17/08/2024,1.227297895,28.3305063,70,21.21647979,16,75,21,15,Green
18/08/2024,4.489127567,29.39113942,56,28.4945884,17,77,23,14,Red
19/08/2024,2.478891592,14.57961544,85,22.18388915,37,72,18,15,Red
20/08/2024,9.29833304,23.30097326,96,24.26184614,40,73,20,15,Red
21/08/2024,6.812647931,21.11495819,91,27.83267989,9,77,17,15,Green
22/08/2024,3.78191262,25.18974517,64,21.70616731,1,62,23,10,Yellow
23/08/2024,8.279066584,11.92834634,74,34.32864376,33,59,22,5,Yellow
24/08/2024,3.203843667,20.06912976,97,32.11672981,23,59,19,9,Yellow
25/08/2024,9.571052215,17.83618612,80,34.50790232,6,62,22,9,Green
26/08/2024,2.000773573,17.53894665,78,28.4076302,25,63,20,36,Green
27/08/2024,2.318691202,27.00079935,95,20.85954049,7,79,23,24,Red
28/08/2024,9.524323993,25.61069818,62,23.5501548,8,72,17,19,Yellow
29/08/2024,0.460716585,16.49309171,74,31.15037934,27,64,15,19,Red
30/08/2024,3.436274675,21.05244194,54,23.71575163,28,66,23,20,Green
31/08/2024,3.533600528,24.64183048,78,21.20707538,32,57,18,23,Red
01/09/2024,5.419307057,23.89685307,81,23.82957943,27,56,22,16,Red
02/09/2024,4.875984564,11.73750718,51,33.16221671,17,77,24,16,Yellow
03/09/2024,3.246420894,13.09874683,80,29.95126311,0,65,15,17,Green
04/09/2024,6.5374436,29.83504267,69,24.44958745,13,72,21,18,Green
05/09/2024,4.751564352,28.02137993,82,33.48123006,34,60,23,19,Yellow
06/09/2024,9.832215286,14.3904228,94,26.06546237,9,80,19,20,Yellow
07/09/2024,7.937986496,20.47345675,68,25.73298713,11,72,20,37,Yellow
08/09/2024,4.03527346,25.63219688,71,34.04031252,3,67,24,36,Green
09/09/2024,0.760434911,28.81010057,61,23.99083457,35,69,23,15,Red
10/09/2024,9.603488619,22.85325277,73,25.86195294,3,77,25,14,Red
11/09/2024,4.337257879,23.25724536,80,31.54815175,23,62,19,16,Red
12/09/2024,8.767479919,10.62687111,69,30.23323075,22,71,17,16,Green
13/09/2024,0.328270457,23.06403807,75,26.04155575,31,79,25,15,Green
14/09/2024,9.675520701,12.40960085,72,30.34971117,34,59,18,4,Green
15/09/2024,4.303815796,28.75020579,52,23.07860913,12,63,17,1,Green
16/09/2024,5.622015173,25.46190153,66,29.58915267,27,56,20,30,Yellow
17/09/2024,3.389066164,20.2415369,99,24.2407138,7,63,24,31,Yellow
18/09/2024,2.470247263,13.60310514,94,22.03613726,24,67,22,22,Green
19/09/2024,3.139707144,29.43208707,73,26.61492291,11,71,24,25,Yellow
20/09/2024,4.962819156,17.05929876,69,21.8207742,37,74,15,19,Green
21/09/2024,9.674385433,16.52908415,80,30.52576752,25,76,24,25,Red
22/09/2024,5.810537342,10.76148493,89,22.55513402,34,66,17,32,Red
23/09/2024,5.470116848,21.52111197,54,26.63871914,20,69,15,32,Green
24/09/2024,2.862587851,26.29469115,55,22.86051671,37,65,16,18,Yellow
25/09/2024,1.759930466,24.36190546,95,32.00543241,18,74,15,22,Red
26/09/2024,5.532257077,14.0589378,64,22.1474299,4,67,25,24,Green
27/09/2024,7.303652861,20.73941154,57,31.92457523,37,56,25,25,Red
28/09/2024,7.476161355,19.57160875,93,21.38267717,5,59,15,17,Red
29/09/2024,7.496882217,22.18692325,60,27.77798692,11,61,21,19,Green
30/09/2024,2.945155918,22.40338675,89,28.04687615,22,80,20,20,Yellow
01/10/2024,2.040104173,18.01871846,64,26.52526776,12,61,19,34,Red
02/10/2024,8.243773788,24.2569896,80,30.96338777,5,74,21,16,Yellow
03/10/2024,6.990525398,23.25795409,61,28.35621018,27,69,22,22,Yellow
04/10/2024,1.644498053,23.09064351,59,31.29453202,31,75,18,23,Red
05/10/2024,0.694741306,27.82112892,97,29.01873343,36,68,20,19,Red
06/10/2024,4.113750293,28.76118677,67,26.4929551,5,65,16,25,Red
07/10/2024,0.086234649,12.23322771,75,22.58619644,32,79,15,32,Green
08/10/2024,5.397815276,11.75314612,64,25.46853063,11,78,22,32,Green
09/10/2024,2.799135195,24.03209065,50,28.83996274,0,55,22,18,Red
10/10/2024,9.140002736,19.84764958,81,23.44830496,14,59,15,22,Yellow
11/10/2024,0.111087351,25.90463795,74,33.24397329,29,68,23,24,Green
12/10/2024,6.427017067,26.76178942,87,20.07444117,32,68,19,25,Green
13/10/2024,8.895868632,25.9864968,87,33.21790367,17,64,17,17,Yellow
14/10/2024,0.510945366,22.81100575,97,25.75123322,13,69,19,19,Yellow
15/10/2024,0.086720818,13.38005091,99,32.37113701,14,67,22,30,Yellow
16/10/2024,7.47495208,11.63561123,76,27.0258918,9,69,20,31,Yellow
17/10/2024,7.17157535,22.79304715,72,34.64009647,20,73,22,22,Red
18/10/2024,0.40635792,15.04652275,67,27.91705522,40,78,20,25,Yellow
19/10/2024,9.824105141,27.2650936,50,27.46117506,27,72,23,19,Yellow
20/10/2024,0.652426333,20.22262249,92,31.85083843,14,67,15,25,Green
21/10/2024,6.387822547,20.2306126,67,24.9489709,7,56,18,32,Red
22/10/2024,3.594615915,17.48810672,82,29.20787776,27,65,18,32,Yellow
23/10/2024,1.099700002,25.4153643,82,29.67464712,30,63,16,18,Yellow
24/10/2024,9.766826621,17.43911415,95,21.35449301,37,70,25,22,Green
25/10/2024,6.776081619,13.9755948,74,28.52780945,27,63,19,24,Yellow
26/10/2024,9.261485442,25.15473565,94,23.25465787,22,60,24,25,Green
27/10/2024,2.046748982,28.15082554,67,25.30514489,3,72,24,17,Green
28/10/2024,6.148604042,28.47783853,62,24.94884636,40,59,23,19,Green
29/10/2024,6.487812319,27.36373633,59,29.8311334,33,73,23,20,Red
30/10/2024,9.221658927,22.9145501,89,33.32482476,27,57,24,34,Red
31/10/2024,9.77248972,16.0249952,70,24.64584621,10,79,18,16,Red
01/11/2024,3.11569965,27.04294094,85,30.54308347,30,75,25,22,Yellow
02/11/2024,0.646328081,24.88149438,89,24.48354314,40,70,20,23,Green
03/11/2024,3.076016109,19.94591549,85,34.8182967,38,55,19,19,Red
04/11/2024,8.120977737,20.30017601,98,32.53898776,35,58,20,25,Red
05/11/2024,9.504146748,22.82464471,76,29.27582002,38,61,21,32,Yellow
06/11/2024,7.430071116,26.62463157,63,31.82476665,33,58,24,32,Red
07/11/2024,5.608446084,28.19761337,60,30.03148948,16,56,17,18,Green
08/11/2024,8.073933673,19.17970191,66,21.55781125,31,72,17,22,Yellow
09/11/2024,7.254637071,23.67214275,95,32.4743335,16,80,20,24,Yellow
10/11/2024,9.162791975,15.52475686,69,29.14816712,27,72,17,25,Yellow
11/11/2024,6.709287393,18.29788756,89,29.55363913,40,62,19,17,Green
12/11/2024,1.052277945,24.34070108,77,25.13588667,18,58,16,19,Red
13/11/2024,6.264707088,19.03846773,86,31.98319983,3,68,16,30,Yellow
14/11/2024,7.195912286,15.80854982,54,27.49434541,26,67,24,31,Green
15/11/2024,9.434237464,19.94229375,55,25.48056438,16,70,20,22,Yellow
16/11/2024,4.098040052,25.49633098,92,26.89661167,24,63,19,25,Green
17/11/2024,4.75364832,29.07259498,61,27.63229539,9,76,25,19,Green
18/11/2024,3.621797803,12.03484899,89,30.54849267,16,55,19,25,Green
19/11/2024,4.352354896,12.99586041,93,22.36420508,28,75,21,32,Red
20/11/2024,3.990889571,24.98902238,82,21.59900284,16,71,24,32,Green
21/11/2024,0.948911056,21.39536348,83,28.35220295,24,70,21,18,Yellow
22/11/2024,0.739757722,22.14744466,87,21.84875286,38,72,21,22,Green
23/11/2024,6.86366859,13.93239296,78,25.25345968,9,66,21,24,Red
24/11/2024,2.742881922,18.22732965,98,31.56004417,34,56,17,25,Yellow
25/11/2024,3.275294754,25.39729418,87,26.48366641,1,76,19,17,Green
26/11/2024,7.997763991,13.19801361,94,28.33727772,6,69,19,19,Yellow
27/11/2024,8.74857796,22.02102029,85,33.00385054,26,73,21,20,Green
28/11/2024,8.369367354,18.99063649,73,30.07406946,27,61,18,34,Yellow
29/11/2024,7.164920278,14.90746507,76,25.87928492,27,71,23,16,Green
30/11/2024,6.690495515,13.41423148,63,27.43096161,36,61,21,22,Red
01/12/2024,8.837385834,11.41213012,99,20.94410552,17,73,18,23,Green
02/12/2024,8.856387348,20.41023882,98,25.56468976,26,72,22,19,Yellow
03/12/2024,6.699640048,26.50173093,68,27.16333674,17,64,16,25,Red
04/12/2024,0.218060212,28.07787405,84,23.02321068,14,74,19,32,Red
05/12/2024,6.018694206,14.03592847,53,34.45568495,39,60,15,32,Green
06/12/2024,6.66334469,15.85592642,62,21.92581857,6,66,15,18,Red
07/12/2024,4.692552302,10.15281795,80,20.48919281,8,59,18,22,Red
08/12/2024,2.398165617,17.60860264,91,24.23343161,2,67,18,24,Red
09/12/2024,2.985643467,28.96396945,72,25.85441161,1,76,17,25,Red
10/12/2024,2.721255117,20.91187435,83,27.46196797,16,73,19,17,Red
11/12/2024,2.669340337,16.25507716,90,27.59083643,23,75,25,19,Green
12/12/2024,7.162728006,20.16446132,66,27.21664416,32,70,20,30,Green
13/12/2024,5.994085978,26.82936182,61,24.75274938,28,59,22,31,Yellow
14/12/2024,1.600139524,17.29018823,82,28.01395389,5,62,23,22,Red
15/12/2024,8.873966256,28.60669891,82,28.02722563,36,67,25,25,Red
16/12/2024,5.907962325,16.00688681,68,29.22667595,1,66,23,19,Green
17/12/2024,7.727818255,10.76440199,80,22.04142084,24,73,20,25,Yellow
18/12/2024,2.115919411,27.18424919,88,23.12564278,17,67,18,32,Red
19/12/2024,8.215776269,21.51907413,90,31.74627228,5,55,18,32,Green
20/12/2024,5.253015659,19.73645054,61,33.05304539,5,56,24,18,Yellow
21/12/2024,4.364663992,20.28242437,82,33.97281065,37,77,17,22,Green
22/12/2024,4.326200522,29.65932514,95,33.27369378,13,73,20,24,Red
23/12/2024,7.046846809,19.06233401,83,23.53941534,6,63,23,25,Red
24/12/2024,9.014661179,12.68420086,78,33.44299092,16,77,22,17,Green
25/12/2024,8.205426995,15.68956503,60,31.61067723,25,64,20,19,Green
26/12/2024,5.916890778,12.09337462,72,25.9617568,34,75,24,20,Yellow
27/12/2024,6.977983095,23.85644783,84,33.02774901,20,77,23,34,Yellow
28/12/2024,4.798156257,24.00063241,60,24.67540589,35,80,25,16,Green
29/12/2024,2.004649137,18.45182664,87,30.7708646,14,75,24,22,Red
30/12/2024,5.427944148,16.69242141,51,32.23906422,36,80,21,23,Yellow
31/12/2024,9.202409988,29.50937141,87,21.79125555,7,77,18,19,Yellow
01/01/2025,6.756563764,26.32273794,69,28.20956681,29,78,25,25,Red
02/01/2025,2.259611193,25.57043519,72,21.991494,30,60,21,32,Green
03/01/2025,5.971710797,23.73373118,61,20.40203017,20,74,16,32,Red
04/01/2025,6.787723104,22.18475604,61,29.48768876,19,57,23,18,Green
05/01/2025,5.719990352,16.49897152,64,28.7639322,3,60,19,22,Green
06/01/2025,2.965505491,21.13247554,50,24.60256494,5,77,19,24,Green
07/01/2025,8.752824232,17.40810937,56,27.30164043,5,68,20,25,Green
08/01/2025,5.90521201,27.92233796,96,20.70906002,37,73,21,17,Red
09/01/2025,4.718634137,20.44495055,71,33.94326695,9,59,24,19,Yellow
10/01/2025,8.803894572,10.57709447,96,26.16390965,20,72,15,19,Green
11/01/2025,9.631549753,11.15993777,79,25.85506958,31,56,23,19,Yellow
12/01/2025,3.005079762,29.21092333,65,21.80340904,0,70,21,20,Green
13/01/2025,4.600589561,17.28477533,99,24.7038073,21,74,15,15,Red
14/01/2025,3.393344287,12.00924406,78,20.37476287,13,67,18,15,Green
15/01/2025,5.781925726,16.3842525,84,32.51621185,27,74,20,14,Red
16/01/2025,1.152305002,20.41965071,54,30.49760361,29,72,24,13,Red
17/01/2025,6.503488002,15.53111977,56,29.96826227,5,68,20,13,Green
18/01/2025,0.389567883,19.97131229,86,29.96817344,39,57,19,14.9,Green
19/01/2025,5.709533133,27.6738996,54,34.11750129,22,62,16,18,Green
20/01/2025,2.281174151,16.20344983,82,26.98122835,18,55,23,22,Red
21/01/2025,2.331416511,20.09617754,53,26.10409336,39,77,21,24,Red
22/01/2025,8.443413996,23.54227897,88,34.93440275,13,75,20,25,Yellow
23/01/2025,6.677252263,16.24135132,72,25.48831164,27,71,24,17,Red
24/01/2025,4.998604742,21.44158949,96,32.70592672,26,64,22,19,Red
25/01/2025,2.871752194,16.75516177,85,27.43421713,23,55,16,30,Green
26/01/2025,4.68445081,24.60433758,83,34.20978877,4,69,19,31,Green
27/01/2025,8.340461446,17.31884003,67,30.61372286,20,67,19,22,Yellow
28/01/2025,5.068521263,26.14260166,90,33.23713328,7,74,17,25,Red
29/01/2025,2.560978645,24.45421055,81,33.87394086,17,64,18,19,Green
30/01/2025,6.271291524,23.36664683,87,32.06920272,35,71,17,25,Green
31/01/2025,6.250767256,18.74290753,96,23.9341501,11,72,22,32,Yellow
01/02/2025,7.460256271,24.61421764,96,23.16999388,20,60,22,32,Green
02/02/2025,5.714401142,19.73348298,51,30.58919181,10,71,18,18,Red
03/02/2025,5.008371124,19.18150274,53,27.10582639,33,61,24,22,Yellow
04/02/2025,3.551052581,18.90862347,72,25.44676824,3,49,18,24,Red
05/02/2025,9.17349039,20.5012163,93,30.69003508,22,59,23,25,Red
06/02/2025,2.370511669,23.00741855,98,34.16989205,36,58,25,17,Green
07/02/2025,0.820805752,29.36638811,55,28.42538204,4,43,18,19,Red
08/02/2025,9.270721015,15.25736411,66,21.54944457,29,54,16,20,Yellow
09/02/2025,3.296099858,23.41547344,59,33.98177223,32,43,22,18,Green
10/02/2025,0.807697738,16.42328845,81,30.56901427,14,55,15,22,Red
11/02/2025,1.542549518,23.31688026,68,29.16310584,5,35,20,24,Red
12/02/2025,3.83300815,11.06355659,94,26.62010709,25,57,24,25,Red
13/02/2025,5.445629768,26.10646037,72,28.11609336,11,53,24,17,Red
14/02/2025,4.162063524,15.29273498,74,22.55700043,40,49,17,19,Green
15/02/2025,7.237775943,19.07167949,95,25.3655876,38,56,25,30,Yellow
16/02/2025,6.759966482,18.31551909,97,23.31340588,27,43,23,31,Green
17/02/2025,4.674263176,24.31333432,57,22.01630735,24,38,22,22,Red
18/02/2025,0.814488275,24.06584639,70,23.57810538,23,45,21,25,Red
19/02/2025,5.594940926,20.50317652,86,26.9283185,29,57,20,19,Yellow
20/02/2025,6.58050634,21.99211035,69,24.10839082,31,35,23,25,Red
21/02/2025,6.436228665,14.36476105,67,32.84304115,0,55,25,32,Red
22/02/2025,3.567796443,18.38894288,90,20.03916825,7,45,22,32,Green
23/02/2025,2.90004462,19.4618686,68,30.72780876,17,58,25,18,Red
24/02/2025,3.665210979,25.09565409,90,25.91105544,11,44,17,22,Yellow
25/02/2025,1.957706427,18.59509531,80,22.81940736,22,49,22,24,Red
26/02/2025,8.058669672,10.71974857,74,31.04258266,9,51,19,25,Yellow
27/02/2025,4.561338584,14.56202953,81,25.81533667,28,48,15,17,Red
28/02/2025,8.646782532,15.08370127,91,21.28544777,26,50,19,19,Red
01/03/2025,6.372890543,24.87182819,70,23.32016667,36,56,20,20,Red
02/03/2025,8.852867718,21.50345334,76,29.20366525,8,60,18,18,Green
03/03/2025,4.855397424,24.23852612,81,31.80065034,24,37,21,22,Yellow
04/03/2025,1.470714512,24.99751426,94,28.07783724,22,43,24,24,Green
05/03/2025,9.855570002,14.51883239,56,31.74441501,36,43,24,25,Yellow
06/03/2025,0.00760435,17.69394688,78,26.15305574,22,44,24,17,Green
07/03/2025,1.17223102,14.79402296,98,27.3618237,17,43,22,19,Yellow
08/03/2025,6.072429584,24.20080627,94,31.85334711,8,45,15,30,Green
09/03/2025,6.409912641,21.78902233,54,32.05617222,7,56,23,31,Green
10/03/2025,7.628440111,19.20580838,75,25.45352971,36,57,16,22,Red
11/03/2025,7.583289608,15.63075697,61,33.89840111,11,45,19,25,Yellow
12/03/2025,9.766441376,21.18642007,76,33.84182372,6,36,22,19,Red
13/03/2025,7.323770092,18.44336955,74,27.08828676,17,57,20,25,Green
14/03/2025,2.28426513,13.92800907,82,29.91390025,4,47,20,32,Red
15/03/2025,0.819696628,19.74717174,75,29.12959073,9,49,16,32,Red
16/03/2025,9.723046695,25.18221291,96,21.30989788,25,51,24,18,Yellow
17/03/2025,4.810227757,28.59502484,56,33.20253077,36,44,21,22,Green
18/03/2025,3.060318336,27.59848665,56,21.62450524,21,38,20,24,Green
19/03/2025,4.981859805,29.33255566,90,33.20716049,37,57,20,25,Yellow
20/03/2025,3.692981259,18.41276528,88,29.7171921,32,48,18,17,Yellow
21/03/2025,3.210143318,18.19777894,99,27.67890769,29,44,20,19,Yellow
22/03/2025,0.589334288,29.12117199,71,25.62440366,25,51,18,20,Red
23/03/2025,9.166769962,11.83522239,77,20.88831614,10,44,24,18,Red
24/03/2025,5.671279901,27.54633978,50,20.74159125,23,35,18,22,Green
25/03/2025,4.920418435,26.64821589,56,21.99014759,9,60,23,24,Yellow
26/03/2025,8.155938198,12.56862032,61,24.26139098,3,58,21,25,Yellow
27/03/2025,2.848187332,25.19679048,92,21.47548982,22,42,22,17,Yellow
28/03/2025,5.626990082,15.0664298,70,34.70418544,12,39,21,19,Green
29/03/2025,6.220798129,28.56651221,89,23.13759317,39,36,22,30,Yellow
30/03/2025,1.284272139,19.94795911,70,24.1522691,32,41,16,31,Green
31/03/2025,4.302320337,13.79386631,96,29.92613959,30,41,15,22,Green
01/04/2025,1.803588632,25.96471899,94,29.3543889,19,36,22,25,Green
02/04/2025,6.14609435,14.14867398,52,27.23453962,4,46,15,19,Red
03/04/2025,4.884288352,27.18929674,83,34.58310671,21,39,20,25,Yellow
04/04/2025,1.61788104,23.29583675,64,28.28015134,35,57,25,32,Green
05/04/2025,1.934829759,28.39815245,64,24.30268251,22,55,24,32,Red
06/04/2025,9.869891466,16.46295747,72,26.7723103,35,51,17,18,Red
07/04/2025,6.495113208,20.49624585,56,28.81903017,17,56,17,22,Yellow
08/04/2025,0.342382834,15.86663852,88,20.35143518,28,57,17,24,Green
09/04/2025,5.107142874,18.79411737,99,23.42144186,22,36,16,25,Green
10/04/2025,7.963827895,24.27536938,80,24.8914328,11,41,19,17,Green
11/04/2025,5.665953779,28.75215562,54,25.19945534,38,38,18,19,Yellow
12/04/2025,0.363525604,10.23181883,88,26.48891475,23,37,24,20,Red
13/04/2025,0.681571005,16.2253786,73,24.67822819,25,35,20,20,Red
14/04/2025,3.454402814,29.47832624,78,29.49232281,40,45,20,18,Red
15/04/2025,8.268471009,19.65367694,70,23.6816349,23,58,19,22,Green
16/04/2025,6.887378976,18.118943,58,20.29581491,2,56,23,24,Green
17/04/2025,1.974305653,10.95332304,73,24.56470495,3,56,17,25,Red
18/04/2025,4.826679591,22.46418121,78,32.52609423,26,51,25,17,Yellow
19/04/2025,5.797434512,21.39292391,63,23.08628687,39,42,20,19,Green
20/04/2025,4.469711946,28.54111662,54,27.03292958,27,59,20,30,Yellow
21/04/2025,7.532712537,23.52774063,93,21.94122382,24,45,19,31,Red
22/04/2025,4.315194285,15.89559389,65,31.02685793,7,40,17,22,Yellow
23/04/2025,1.580967065,22.85155074,89,33.44416076,15,45,23,25,Green
24/04/2025,9.843481085,21.7613127,92,21.6234212,26,52,23,19,Yellow
25/04/2025,4.624164398,10.76252309,66,28.60030937,20,45,16,25,Green
26/04/2025,0.512498046,27.3204511,65,32.44143823,34,54,24,32,Yellow
27/04/2025,7.343257685,19.38574593,80,24.86328007,19,51,25,32,Yellow
28/04/2025,9.054907231,25.99156329,60,31.60206725,29,41,21,18,Green
29/04/2025,0.434837854,24.74645813,95,23.62731554,20,50,22,22,Red
30/04/2025,8.464459478,23.29648223,58,21.55707808,11,40,23,24,Red
01/05/2025,1.447977485,16.80213137,64,21.56707403,15,54,15,25,Green
02/05/2025,3.273935851,23.75774473,75,29.09654533,35,55,22,17,Red
03/05/2025,7.909572725,17.28612211,92,25.14227551,9,59,25,19,Green
04/05/2025,6.720167482,14.71518996,81,20.54287626,40,45,18,20,Green
05/05/2025,7.605473969,10.08273822,94,31.0712016,35,38,19,18,Green
06/05/2025,6.840212607,24.90218317,92,22.66144324,14,58,17,22,Green
07/05/2025,5.421542019,28.60600918,74,30.69766907,40,55,18,24,Green
08/05/2025,2.038866936,10.03407919,69,26.41196831,18,36,23,25,Red
09/05/2025,8.398842218,24.06778178,99,26.81067499,35,52,15,17,Green
10/05/2025,8.203852263,29.83251725,88,33.92582729,4,59,22,19,Yellow
11/05/2025,0.974185695,19.97852422,84,26.57607426,22,51,16,30,Green
12/05/2025,1.225431061,10.23445135,50,27.31080543,33,47,17,31,Yellow
13/05/2025,6.443338415,22.51862784,91,32.829459,2,51,17,22,Yellow
14/05/2025,4.79527436,29.09609835,63,26.88539202,16,51,21,25,Red
15/05/2025,2.796582387,10.85335466,77,27.84705872,19,55,20,19,Green
16/05/2025,3.186309119,11.85635587,66,26.94694289,8,54,20,25,Red
17/05/2025,3.243770226,19.59456586,65,27.51759191,36,55,20,32,Yellow
18/05/2025,8.523670966,13.89868516,86,32.71890958,10,56,16,32,Red
19/05/2025,2.226876833,22.24447655,52,22.62988158,22,56,17,18,Green
20/05/2025,1.479072879,26.99824229,75,24.67650249,9,57,24,22,Yellow
21/05/2025,9.518600772,11.08227898,96,33.80837781,34,59,23,24,Red
22/05/2025,8.768608592,11.76090231,83,30.9735804,31,51,25,25,Green
23/05/2025,6.244617502,24.01135999,53,34.61975988,0,49,18,17,Green
24/05/2025,6.002714192,29.72229804,52,23.55587009,21,39,20,19,Green
25/05/2025,3.013787159,20.78404724,69,24.67680889,28,35,22,20,Red
26/05/2025,9.191869327,19.26355009,57,25.75558196,17,52,17,18,Red
27/05/2025,5.736035572,12.40868207,57,29.01055528,24,42,23,22,Yellow
28/05/2025,7.16586601,29.58101791,78,23.9990104,28,46,16,24,Green
29/05/2025,3.601200144,18.12078025,73,28.85667556,21,38,21,25,Red
30/05/2025,5.197760721,24.7585074,74,30.74324282,34,60,25,17,Red
31/05/2025,0.052591236,27.4147862,54,20.79511724,19,53,22,19,Green
01/06/2025,0.640213375,10.27810806,60,28.57710174,31,58,15,30,Yellow
02/06/2025,1.100867605,21.62260915,64,31.20391986,19,35,24,31,Red
03/06/2025,8.10687654,20.47882,93,33.80758807,24,53,17,22,Green
04/06/2025,3.849257403,17.91067086,93,23.22399053,13,47,20,25,Yellow
05/06/2025,1.481072447,22.55855089,82,28.38711253,31,53,16,19,Yellow
06/06/2025,1.538409563,18.40073941,61,21.06818119,28,45,23,25,Red
07/06/2025,1.317004445,22.46983265,56,28.27011097,31,37,21,32,Green
08/06/2025,2.098991154,19.41713025,62,27.82099689,33,60,15,32,Red
09/06/2025,4.829619927,11.35403675,80,32.56715935,34,45,21,18,Yellow
10/06/2025,4.841176333,20.54487976,74,33.82921018,13,57,25,22,Red
11/06/2025,9.258408433,18.76804587,87,23.27462037,33,57,17,24,Yellow
12/06/2025,6.751835917,20.61710756,55,31.01694938,32,57,22,25,Green
13/06/2025,9.842919914,27.30839886,73,21.18383451,23,59,25,17,Yellow
14/06/2025,3.303509644,21.60236711,94,24.79284227,35,41,18,19,Green
15/06/2025,7.476208994,19.29772402,66,32.36870627,6,48,24,20,Yellow
16/06/2025,3.099861323,13.32828586,72,33.04674755,29,36,25,18,Red
17/06/2025,0.102202183,28.74872756,58,32.47743219,4,36,22,22,Yellow
18/06/2025,2.537529183,14.70772805,52,22.08395247,10,59,22,24,Yellow
19/06/2025,9.127739531,11.3271295,83,33.76044959,14,48,21,25,Green
20/06/2025,0.908322803,28.17278503,57,22.48760929,8,50,21,17,Yellow
21/06/2025,2.068088414,18.80535943,79,21.4170133,20,40,15,19,Red
22/06/2025,3.446149256,20.45346458,85,26.52974654,36,43,22,30,Red
23/06/2025,8.844104402,24.61253775,75,34.24279326,14,57,15,31,Green
24/06/2025,0.75168779,11.59353481,56,21.98592682,11,60,23,22,Yellow
25/06/2025,5.759201154,10.8919922,50,26.86719804,10,59,15,25,Yellow
26/06/2025,1.342483748,29.26289999,68,31.58765716,7,60,25,19,Red
27/06/2025,3.58476658,20.1386245,89,20.91613432,2,47,15,25,Green
28/06/2025,1.505332001,26.21922312,91,30.74593511,20,45,22,32,Yellow
29/06/2025,3.620783347,22.70448505,52,25.68696434,2,39,15,32,Green
30/06/2025,8.433903582,14.589351,59,28.91207259,27,40,24,18,Green
01/07/2025,3.522160355,15.94492928,72,22.18432764,35,48,15,22,Red
02/07/2025,3.637810639,27.26223435,90,30.79704734,4,59,25,24,Yellow
03/07/2025,4.108765834,26.91618611,75,33.88000302,1,48,24,25,Green
04/07/2025,1.746849082,20.9798122,62,30.77914717,36,43,21,17,Green
05/07/2025,3.397356807,17.84212019,56,27.80887565,11,46,24,19,Yellow
06/07/2025,7.244887279,14.90392724,77,27.88771994,34,47,19,20,Yellow
07/07/2025,3.163470738,24.27057979,80,27.44825964,21,44,18,18,Yellow
08/07/2025,8.365795103,14.45629416,77,22.10059297,17,58,20,22,Yellow
09/07/2025,2.610315357,18.74045031,64,23.09422309,25,40,21,24,Green
10/07/2025,5.855856744,26.165074,52,25.06435966,2,38,18,25,Green
11/07/2025,2.996892038,25.24910383,51,25.25698639,9,48,20,17,Green
12/07/2025,4.785804548,29.75856291,87,28.05881943,37,49,25,19,Green
13/07/2025,1.141115789,25.09054239,94,24.27482318,36,38,15,30,Green
14/07/2025,6.028154779,11.58837483,74,26.05137986,40,58,15,31,Red
15/07/2025,2.781927036,20.55817417,59,22.02857103,30,44,16,22,Green
16/07/2025,2.808297804,17.83011034,74,25.22423727,1,59,23,25,Red
17/07/2025,2.820167891,17.71727428,96,30.17626424,9,48,22,19,Red
18/07/2025,5.513820804,18.73229113,85,24.3154888,14,41,17,25,Green
19/07/2025,0.74860447,12.32696767,86,24.71431159,35,52,19,32,Red
20/07/2025,2.474943019,19.94556142,54,28.00632506,31,48,17,32,Green
21/07/2025,1.272645172,19.68376012,54,21.54296546,4,41,20,18,Red
22/07/2025,9.086086335,28.67652096,55,25.20644002,30,37,25,22,Green
23/07/2025,8.278732102,21.61267321,67,22.6979154,9,35,20,24,Red
24/07/2025,2.625711358,18.58004189,81,31.48641225,20,41,20,25,Yellow
25/07/2025,8.013042292,17.73200806,74,27.01911816,37,50,23,17,Yellow
26/07/2025,7.940840557,27.74294863,51,31.18839119,34,35,21,19,Yellow
27/07/2025,4.314526651,13.80453025,89,25.5454591,14,37,15,20,Green
28/07/2025,3.004843977,29.98280807,74,29.13584502,23,39,22,18,Red
29/07/2025,8.816648802,22.74726997,83,22.86795534,5,45,21,22,Yellow
30/07/2025,9.40713363,13.56074961,75,23.66101638,22,37,20,24,Green
31/07/2025,5.276119486,25.03672367,80,25.83711338,40,51,17,25,Red
01/08/2025,7.720911275,20.59276987,85,25.37011524,27,56,20,17,Yellow
02/08/2025,7.374847639,25.70488386,80,28.28487639,31,40,22,19,Red
03/08/2025,2.621442243,13.97177363,93,26.98635831,38,36,21,30,Yellow
04/08/2025,2.131648875,11.66116373,80,20.32269121,6,37,17,31,Green
05/08/2025,4.472709254,17.26602567,68,25.38796842,6,47,18,22,Red
06/08/2025,6.181579078,21.23578927,64,32.87310234,24,44,17,25,Green
07/08/2025,6.812823878,11.55987095,56,34.76948611,25,59,19,19,Yellow
08/08/2025,7.85054036,18.87723114,76,31.37542176,32,56,21,25,Red
09/08/2025,3.976008751,17.89076863,50,23.21153151,8,45,18,32,Green
10/08/2025,0.013948568,11.89017547,50,23.63679969,19,39,17,32,Green
11/08/2025,9.614280161,20.47139889,89,30.48638001,39,37,15,18,Red
12/08/2025,4.485350103,26.05801034,77,27.44573394,33,37,19,22,Red
13/08/2025,9.518140274,28.72315271,96,27.87862654,26,54,17,24,Green
14/08/2025,2.077527332,20.51426716,68,24.34532305,21,51,15,25,Red
15/08/2025,5.290492786,16.44822266,78,22.45535131,22,54,20,17,Yellow
16/08/2025,2.140814954,29.35704549,84,20.11447887,29,45,16,19,Green
17/08/2025,0.569335565,14.37878361,86,23.75145611,4,40,21,20,Yellow
18/08/2025,5.304495607,25.58279231,86,20.49874085,10,37,22,20,Red
19/08/2025,8.070126698,22.14383184,74,33.51831666,4,44,19,18,Red
20/08/2025,5.730411432,17.47902095,75,32.28268861,20,45,17,22,Green
21/08/2025,1.305821289,12.94176866,81,21.20926651,23,45,23,24,Green
22/08/2025,6.029419215,26.98363021,71,31.1742791,25,48,21,25,Green
23/08/2025,7.420722678,20.86094221,57,21.61486383,56,79,15,17,Yellow
24/08/2025,0.752346233,17.30236491,88,34.72991701,25,62,21,19,Yellow
25/08/2025,8.084400436,29.80957034,86,28.81253014,42,61,22,30,Green
26/08/2025,9.52956418,19.29279328,97,31.75286865,42,73,25,31,Red
27/08/2025,4.726452097,16.71506938,63,32.32208636,44,58,18,22,Red
28/08/2025,4.163385494,12.57568755,74,30.63884689,50,55,16,25,Green
29/08/2025,8.846668089,14.39322238,53,33.98008589,35,72,21,19,Green
30/08/2025,5.964039127,27.544264,59,31.67835793,30,64,20,25,Red
31/08/2025,4.414446684,14.0683875,62,25.51549635,27,64,21,18,Green
01/09/2025,6.686474667,23.39380966,69,20.93898687,50,74,17,22,Red
02/09/2025,7.473791003,29.15736364,97,29.09422091,39,73,24,24,Yellow
03/09/2025,0.970341861,27.58674298,52,24.15069643,57,67,25,25,Green
04/09/2025,6.796426149,19.74927717,85,34.78940444,52,63,19,17,Yellow
05/09/2025,5.406843041,26.38731587,74,28.23972265,55,66,22,19,Green
06/09/2025,0.239324737,20.49460528,88,26.87813822,51,56,18,30,Red
07/09/2025,1.192471087,18.51424904,81,23.60074113,36,66,15,31,Yellow
08/09/2025,8.954197391,15.26514483,62,24.59991605,59,55,19,22,Red
09/09/2025,5.460384467,26.91762577,67,28.58634658,50,58,23,25,Green
10/09/2025,3.743095859,27.66715675,65,34.24096189,30,65,25,19,Green
11/09/2025,2.566497565,15.23502425,53,30.48512808,20,62,18,25,Green
12/09/2025,3.294207049,21.13117387,58,33.08340263,58,71,15,32,Green
13/09/2025,7.951567576,29.08751089,82,26.56001572,25,71,24,32,Yellow
14/09/2025,2.120050213,27.79919863,87,22.25801169,52,71,16,18,Yellow
15/09/2025,0.443192056,13.71947135,86,28.55418997,40,63,18,22,Red
16/09/2025,2.198849864,25.79723946,58,30.69527969,20,60,25,24,Green
17/09/2025,8.704617402,15.97344227,70,30.48729273,48,61,21,25,Red
18/09/2025,8.660173467,11.64875834,76,21.47166949,49,68,22,17,Green
19/09/2025,8.112639867,26.2411319,69,31.66444676,48,62,15,19,Yellow
20/09/2025,6.611660865,24.44713834,81,30.92557232,32,66,17,20,Red
21/09/2025,8.292433724,26.18839874,78,24.2340687,21,63,22,18,Yellow
22/09/2025,6.489175198,24.62055073,92,22.40327098,20,72,19,22,Yellow
23/09/2025,7.811790581,22.98033633,67,20.3564311,25,65,21,24,Yellow
24/09/2025,8.160685643,11.2705473,68,31.78033257,41,78,21,25,Yellow
25/09/2025,7.12451966,10.96787191,60,29.11048174,53,67,17,17,Red
26/09/2025,2.725218261,10.6341397,71,30.10247082,39,60,21,19,Green
27/09/2025,8.220911165,28.18757499,50,29.73000114,25,76,17,30,Yellow
28/09/2025,5.103883641,26.27809469,63,22.13837994,21,78,19,31,Yellow
29/09/2025,0.062944985,22.89819898,69,33.7964948,57,60,17,22,Green
30/09/2025,4.345394233,26.55731525,96,32.2899876,56,75,15,25,Green
01/10/2025,1.958100396,29.82624357,62,20.71756525,49,72,15,19,Yellow
02/10/2025,0.775322547,21.53903582,95,24.93846038,24,80,19,25,Yellow
03/10/2025,2.318575269,10.02053008,74,20.01500519,49,76,18,32,Red
04/10/2025,3.506866318,14.19935073,56,21.87254699,28,68,19,32,Red
05/10/2025,3.069434936,11.66602698,71,30.10337382,55,78,21,18,Red
06/10/2025,3.639879998,23.36138527,87,24.57389097,50,64,25,22,Green
07/10/2025,1.947188972,12.31343137,91,34.8200929,34,80,19,24,Green
08/10/2025,6.614552077,12.5284298,60,20.83147523,20,68,23,25,Red
09/10/2025,1.885127723,10.60211261,72,30.00140046,55,67,16,17,Green
10/10/2025,7.495286936,19.93216821,99,24.8325472,23,70,15,19,Yellow
11/10/2025,4.469548229,29.70823528,82,34.41477302,53,74,15,20,Green
12/10/2025,1.952313423,26.66688761,81,34.12117031,26,67,16,15,Green
13/10/2025,9.367070769,25.3394769,58,24.20209197,33,80,22,15,Green
14/10/2025,5.645675444,24.15142648,62,26.09899346,37,79,19,15,Red
15/10/2025,2.403542342,14.95639913,96,34.98575148,33,75,21,15,Red
16/10/2025,8.365085,21.50341996,92,25.67942664,22,55,20,15,Red
17/10/2025,3.60991159,29.89959425,92,33.21755415,20,68,17,15,Yellow
18/10/2025,8.002069747,17.67439434,74,23.50089157,43,68,20,15,Green
19/10/2025,8.044756464,23.81116962,90,25.30746546,44,76,22,15,Green
20/10/2025,4.746945621,15.85010908,74,34.64030947,34,60,16,15,Red
21/10/2025,5.776507256,27.99105712,80,20.67324853,21,72,17,15,Red
22/10/2025,3.455662116,27.97221464,66,20.76852459,25,68,19,15,Red
23/10/2025,0.050755302,28.96788354,82,31.10751702,41,62,15,15,Yellow
24/10/2025,4.337814641,16.10758468,54,24.60172772,28,65,23,15,Yellow
25/10/2025,7.520794155,20.20476483,73,33.19051847,35,64,15,17,Yellow
26/10/2025,4.138557648,25.15431348,94,33.50398729,52,58,16,25,Green
27/10/2025,5.451135062,14.90898493,87,24.56943756,58,75,25,19,Green
28/10/2025,1.696813596,24.26361832,78,24.87203211,34,66,19,25,Yellow
29/10/2025,7.945352582,11.38049832,93,23.34312064,52,70,16,32,Red
30/10/2025,4.30930609,14.07898147,89,28.22387953,23,57,19,32,Red
31/10/2025,3.510067984,23.3719316,62,27.27250949,42,58,25,18,Red
01/11/2025,2.394222323,20.96779671,82,32.55505926,37,62,17,22,Green
02/11/2025,4.505265931,13.55735739,55,26.01889927,44,75,22,24,Red
03/11/2025,2.758559047,12.77788656,74,22.60801501,21,80,20,25,Red
04/11/2025,2.543682537,19.89955684,63,25.72570849,56,76,16,17,Red
05/11/2025,7.726693072,14.74421338,85,21.86571998,29,76,15,19,Red
06/11/2025,7.070633713,12.99240887,72,26.56641796,43,61,20,20,Green
07/11/2025,4.987064939,20.58551907,69,26.34673145,55,60,15,18,Red
08/11/2025,9.568260008,21.01363319,76,29.01856663,44,63,15,22,Red
09/11/2025,4.396644234,25.41444561,76,24.25116449,29,67,21,24,Green
10/11/2025,4.520986357,10.42877137,59,22.29864097,47,63,16,25,Green
11/11/2025,7.997826034,24.19955954,54,32.32318556,40,68,17,17,Green
12/11/2025,7.881414151,12.56233171,83,23.95778173,58,61,15,19,Green
13/11/2025,7.482523342,17.88562143,89,25.53288693,41,74,18,30,Green
14/11/2025,6.469572103,25.14286677,52,23.36025782,58,79,17,31,Red
15/11/2025,2.613266555,18.45996864,76,20.52589055,27,62,24,22,Green
16/11/2025,8.453068573,16.71659669,75,21.52643958,27,60,17,25,Yellow
17/11/2025,6.840198473,12.77932887,52,22.39047425,52,65,20,19,Yellow
18/11/2025,2.214487305,26.21668301,69,23.15627215,44,55,25,25,Yellow
19/11/2025,8.987147437,14.35336624,56,22.98978403,21,62,24,19,Yellow
20/11/2025,5.198673707,13.86125657,87,21.55662294,60,59,22,25,Green
21/11/2025,9.039551891,10.18999286,52,23.82822037,33,77,21,32,Yellow
22/11/2025,0.259907362,20.65607102,68,30.79059298,59,58,17,32,Yellow
23/11/2025,6.264355676,15.12455024,65,32.02765883,29,63,17,18,Yellow
24/11/2025,2.462997006,10.02300495,50,30.02152352,59,63,18,22,Yellow
25/11/2025,3.02587019,11.19454713,65,33.87216859,29,70,15,24,Green
26/11/2025,8.085944165,10.65308415,58,25.11034087,58,73,16,25,Yellow
27/11/2025,6.328163346,11.09470957,75,30.11076735,55,77,22,17,Red
28/11/2025,6.093730641,24.946686,92,25.34228913,42,79,23,19,Red
29/11/2025,3.405281998,17.10377227,78,33.33949065,44,77,21,20,Green
30/11/2025,9.720392727,20.57306923,68,30.32475846,38,62,25,18,Yellow
01/12/2025,7.244328904,22.3837214,70,22.43083293,32,76,15,22,Green
02/12/2025,2.246136553,25.71294779,56,22.0910074,13,61,22,24,Green
03/12/2025,8.611767488,18.93938707,91,28.09097886,38,60,20,25,Red
04/12/2025,7.941676404,18.7703208,64,33.02751046,11,74,17,17,Red
05/12/2025,0.944437722,19.05091317,54,23.68938856,37,71,16,19,Green
06/12/2025,5.120178434,28.50054778,52,20.7808718,29,71,18,30,Red
07/12/2025,3.131804595,28.84602032,97,23.58179496,2,72,18,31,Yellow
08/12/2025,0.368981152,26.2175456,67,20.10031536,6,59,21,22,Green
09/12/2025,9.872583573,18.72182437,75,34.95415223,13,64,20,25,Red
10/12/2025,9.705535516,10.36217252,64,32.09810399,8,58,17,19,Red
11/12/2025,9.77612914,12.72464664,95,33.90412873,6,77,20,25,Red
12/12/2025,2.459785882,10.90633563,97,24.7923148,2,75,22,19,Red
13/12/2025,1.91629314,21.50870917,83,24.34476833,3,69,23,25,Green
14/12/2025,4.052973092,16.93142116,64,26.76850727,27,80,24,32,Green
15/12/2025,5.826703521,20.75614629,54,25.7290709,39,78,15,32,Green
16/12/2025,6.981567406,23.52233779,58,30.19699531,40,79,17,18,Red
17/12/2025,4.773877224,18.41556714,57,23.34664011,37,62,22,22,Red
18/12/2025,8.28707251,12.16749834,70,26.33054665,31,60,24,24,Green
19/12/2025,1.68281528,22.08664731,75,21.39055399,22,67,22,25,Yellow
20/12/2025,7.690784475,26.84421474,61,30.30510268,3,78,18,17,Green
21/12/2025,7.507800198,15.47091176,86,22.30352527,4,80,16,19,Yellow
22/12/2025,7.237291002,11.4341903,97,21.78027445,13,61,24,20,Red
23/12/2025,5.101256505,29.51082162,89,24.77002221,12,66,20,18,Green
24/12/2025,5.17548975,27.58076393,57,27.20240755,4,61,21,22,Green
25/12/2025,6.704975918,16.0475581,70,24.00825736,9,60,21,24,Yellow
26/12/2025,9.410589833,26.52395942,51,22.63353538,18,66,22,25,Red
27/12/2025,0.44798651,24.90818802,52,28.47071871,32,56,18,17,Yellow
28/12/2025,1.014171947,19.95927565,68,20.04454947,6,72,15,19,Yellow
29/12/2025,4.802185674,14.41958588,91,33.54026724,15,77,20,30,Green
30/12/2025,1.901340526,25.06129422,92,32.84745684,0,65,24,31,Yellow
31/12/2025,0.409056773,20.65427682,65,23.39444306,30,79,22,22,Green
