DATE,RAINFALL,SOLAR_RAD,HUMIDITY %,AVE_TEMP,N,P,K,SOIL_MOISTURE,SOIL_TEMP,STATUS,YIELD
01/01/2024,34.36350297,23.1457472,61.0659303,27.16484694,117.4188202,54.08896745,99.19582041,44.10086699,19.8002417,Yellow,9.444663738
02/01/2024,28.89986301,18.92445107,64.06907961,27.01313042,117.863904,60.19708019,90.82540222,22.81121474,27.95684434,Yellow,9.331825685
03/01/2024,26.4520903,23.16599439,68.7075345,25.18440604,121.8127567,60.02551289,92.91144363,44.28171492,21.10160623,Green,10.16958124
04/01/2024,46.65440364,19.39134909,67.82385484,31.74480361,123.2202851,51.0048602,80.91170316,65.64004002,26.43541821,Green,11.54688125
05/01/2024,100,13,20,37,11,23,33,10,2,Red,7.911754621
06/01/2024,28.89986301,18.92445107,64.06907961,27.01313042,117.863904,60.19708019,90.82540222,22.81121474,27.95684434,Yellow,9.076511822
07/01/2024,26.4520903,23.16599439,68.7075345,25.18440604,121.8127567,60.02551289,92.91144363,44.28171492,21.10160623,Green,10.04136506
08/01/2024,46.65440364,19.39134909,67.82385484,31.74480361,123.2202851,51.0048602,80.91170316,65.64004002,26.43541821,Green,10.43233708
09/01/2024,40.02787529,18.76944429,65.67016261,22.21792653,111.5691163,50.69823105,98.9194178,50.51815039,17.15814233,Yellow,8.989918405
10/01/2024,42.70181444,19.62679786,67.38449209,25.64803271,120.8899392,61.02319924,96.84330753,47.32035371,15.12928504,Green,11.04536372
11/01/2024,25.51461236,18.01377874,68.78515561,21.46227143,124.1864166,58.76357226,85.93224964,32.48720896,15.29959399,Green,11.85199441
12/01/2024,49.2477463,22.4760938,64.04140322,29.13894533,113.3464261,66.7836079,81.5437506,37.16377445,23.79902606,Yellow,8.920017094
13/01/2024,45.81106602,20.0272039,63.27033162,31.09884207,125.6126343,53.21359169,83.39774146,62.60242079,21.83092358,Green,11.24290323
14/01/2024,30.30847777,17.32212695,66.67593386,24.08041063,121.6754556,50.49943324,82.53888828,47.96090659,22.77023023,Green,10.63607888
15/01/2024,29.54562418,23.99574573,68.07845942,30.44175844,129.0444357,58.98077536,82.46567559,45.73710969,15.11194711,Green,10.09050463
16/01/2024,29.58511275,18.83891221,67.62285135,24.21440054,110.848446,54.74957114,90.37123377,24.97898568,21.34029929,Yellow,9.394558695
17/01/2024,32.60605607,20.43552861,67.97813649,31.01847178,115.3065228,50.99228747,84.91694885,20.80140782,25.77102242,Yellow,8.699858237
18/01/2024,38.11891079,24.06472111,64.35583315,29.29358094,122.0310776,64.49196574,87.16279433,68.18425943,21.64040553,Green,11.99656789
19/01/2024,35.79862547,21.24237996,68.17834216,29.85397455,115.9311982,52.23186,99.79010667,38.84930836,25.98328809,Yellow,9.601050555
20/01/2024,32.2807285,16.16898041,61.20209055,21.19807211,124.2884833,62.16639,93.68628498,50.1606531,18.49528447,Green,10.78897531
21/01/2024,40.29632237,24.39832124,65.44489098,31.59091393,125.1801057,55.620995,98.97961334,23.98575366,27.19713007,Green,10.32757688
22/01/2024,28.48734652,21.27708053,60.0575866,28.99338091,112.0503193,53.46992101,82.8511311,54.15571429,23.82646861,Yellow,9.633513617
23/01/2024,32.30361621,18.34905615,63.2458583,24.35226205,120.2770893,57.59503046,87.6427895,66.62833544,18.16144649,Green,11.662704
24/01/2024,34.15904608,16.39272073,63.66461535,30.12334131,120.1778111,66.02891552,91.09463607,48.78326265,18.55080714,Green,11.48819819
25/01/2024,36.40174961,22.94025189,63.96172692,24.09673318,117.3856154,57.84187154,81.53516124,26.30576612,24.42045697,Yellow,8.972569799
26/01/2024,44.62939903,21.20072756,66.95467207,30.60029224,128.6584973,65.01539298,80.08374887,49.08607637,27.4490939,Green,11.24270034
27/01/2024,29.99184455,20.33461092,63.88558101,22.23838429,126.5501264,52.50972594,93.40868668,58.31736066,21.23441673,Green,10.25637642
28/01/2024,37.85586096,23.93892583,64.48693623,28.74054575,123.9441876,65.45542839,92.83639034,40.32082683,18.87450644,Green,11.17266899
29/01/2024,39.81036422,22.88597211,62.37544131,26.94768324,124.2865327,54.7386665,88.2157762,63.9918874,28.0051741,Green,11.48827132
30/01/2024,26.16126032,16.5167488,63.73251792,22.06187917,119.2343229,63.5478626,89.79288152,52.43414767,25.03902438,Yellow,9.618305127
31/01/2024,40.1886213,18.11722068,62.27269627,23.66083211,128.4198904,61.3156311,88.30886001,64.96244591,21.72128231,Green,10.12906959
01/02/2024,29.26310309,17.4848914,60.73195924,21.1364444,123.8919085,68.58289434,80.4801009,51.17526556,22.31850293,Green,10.52831874
02/02/2024,26.62628982,22.43946293,66.03448593,26.15644762,124.5796212,57.74645036,86.70743212,26.5643986,18.06384702,Green,11.47857666
03/02/2024,48.72213843,15.33532435,66.68212799,24.31391787,127.2338181,51.32330378,83.54164511,35.48458556,24.40203945,Green,11.86635858
04/02/2024,49.14080083,20.69889685,66.19490346,27.58193233,115.4814318,50.38310971,81.96848378,30.08974741,20.38113766,Yellow,8.724698581
05/02/2024,45.2099337,22.62458686,64.63494044,24.26961588,126.1414181,66.53717122,99.13440868,65.44132489,29.93467765,Green,11.08098531
06/02/2024,32.61534423,23.76765637,63.7978578,24.29911023,113.9048121,60.49471275,91.9871945,58.02000336,22.20275273,Yellow,9.92290051
07/02/2024,27.44180285,18.42081749,68.6333365,29.17512519,116.906839,65.50488104,94.57312568,53.81991845,22.28828409,Yellow,8.545416747
08/02/2024,42.10582566,23.21257305,65.19081785,21.5295712,116.7122091,54.688512,86.30727487,35.04831598,23.48777681,Yellow,9.599546744
09/02/2024,36.00381234,16.10631737,64.79181878,30.93184495,129.5705094,56.90167491,87.86294259,29.2022386,28.75134005,Green,11.64565189
10/02/2024,28.05095587,23.46452292,60.25642066,30.37490262,127.1307445,50.60207744,84.73847988,57.8225544,27.0122715,Green,11.36472108
11/02/2024,37.37942275,16.27488662,63.41247828,28.34585152,124.0233972,69.22984649,81.93931342,43.70789729,21.76695105,Green,11.14088461
12/02/2024,25.85971303,18.97287291,63.80195619,27.52543727,124.5411352,63.35735813,83.58063275,31.28947761,25.78048899,Green,11.45932188
13/02/2024,47.73301005,22.97295366,63.98822781,30.81532748,121.2414559,68.66410176,95.95028091,50.83109891,23.79353248,Green,11.72664361
14/02/2024,31.46949954,16.49917427,65.80172369,23.03863197,128.9418133,55.30992815,93.5509161,22.01669261,22.38550573,Green,10.82182197
15/02/2024,41.56305711,17.29251395,65.33602547,21.86866078,119.9251751,62.22927222,90.93857752,36.30851271,17.88473659,Yellow,8.862684248
16/02/2024,32.7927769,22.22252568,66.07905093,23.63461187,117.6103542,63.56999937,89.50179746,43.42784973,21.95904395,Yellow,8.69736422
17/02/2024,38.00170053,22.20036537,67.64883262,29.74036107,113.2607067,56.35099401,98.44868567,27.39791671,18.68727881,Yellow,8.555750629
18/02/2024,38.66775698,21.41147633,68.12985739,21.38137293,125.724113,66.9621847,81.45469896,69.23272388,28.72263225,Green,11.60611415
19/02/2024,29.62136139,21.93948444,67.18123076,27.41087519,124.6888786,68.94322926,85.61201626,30.45486823,20.0311022,Green,11.05124961
20/02/2024,49.23961569,20.42724443,69.55523696,31.94981268,117.6871008,67.69710235,86.99875707,26.5176565,29.28396022,Yellow,9.161390783
21/02/2024,44.37832058,17.51799059,60.18232583,30.41265703,110.5038683,64.78133952,95.64851624,30.17674369,22.99582935,Yellow,9.78441246
22/02/2024,48.48747354,18.45695994,61.95777986,26.73590258,126.7799466,55.54929359,99.8502924,58.45305666,24.47316568,Green,10.33190892
23/02/2024,47.37068376,16.81597717,60.07562875,21.70005,110.2283597,55.63232084,84.8134103,41.27528296,23.14410667,Yellow,9.738268263
24/02/2024,39.94749947,24.08450561,66.47474714,30.14510866,124.0739956,69.26720641,97.48614668,48.27079699,16.94070925,Green,11.36511325
25/02/2024,48.04685588,20.83391795,68.98030549,27.58876359,129.4051422,50.20568992,96.61245521,21.05045785,20.63731829,Green,10.19535258
26/02/2024,27.21231255,19.00851417,62.43482297,22.26426297,118.7532266,64.32099946,84.49314795,21.72156543,16.48719168,Yellow,9.373113587
27/02/2024,29.89957156,19.62005804,69.27034545,22.03243013,114.6994681,64.12492325,87.9866516,42.29127749,24.34431066,Yellow,9.567408599
28/02/2024,26.13068222,24.4728334,60.6026739,31.00589501,124.0974202,62.45379082,88.19345739,60.83276216,21.70311293,Green,11.0252717
29/02/2024,33.13325827,16.53351403,69.34436027,28.36120289,126.3425628,69.80217692,99.56441337,64.26194394,26.66977457,Green,11.12394261
01/03/2024,34.71693224,20.86229832,63.51622687,30.12215479,120.9286063,56.23758872,83.61783803,24.33532838,18.30705721,Green,10.17799573
02/03/2024,31.78372579,20.05888679,61.01420828,30.6687679,129.3407055,56.79943728,95.98315942,46.91815511,17.46849088,Green,10.48323518
03/03/2024,45.71843773,21.11454235,64.85871759,27.28949587,111.0333744,51.57878806,86.68385428,65.66148431,21.09498346,Yellow,8.450225227
04/03/2024,33.91883317,15.18110184,62.56776568,26.69190987,120.095912,58.85596273,94.61740692,39.39863772,28.89878075,Green,11.5704367
05/03/2024,32.02336274,23.72123909,62.84872902,25.73470151,124.3690789,55.22097052,88.40022009,61.47829157,25.65632723,Green,10.92966197
06/03/2024,38.56740208,24.32118282,63.07289965,24.48641247,127.2528094,56.86773404,91.56719526,26.68478272,21.28385437,Green,11.71782417
07/03/2024,28.52310562,20.65133184,68.03025898,25.78055557,113.5851122,66.69143581,96.65223547,66.76972448,22.75908255,Yellow,9.812960069
08/03/2024,45.05492452,21.96650824,65.39161277,29.51267621,126.0000696,68.70969027,96.0833113,57.57116588,16.26319517,Green,10.82594794
09/03/2024,26.86376609,24.22499381,63.11307699,27.62115774,121.0541415,53.71466144,97.32846367,67.06671964,29.76863845,Green,11.67175026
10/03/2024,49.67217342,22.07238634,66.10333783,30.81775619,117.9310736,57.45017863,81.19234651,53.83086168,24.99610957,Yellow,8.769522628
11/03/2024,44.30611923,16.52539043,67.16150674,25.87718016,112.6343006,68.57261124,93.84101106,38.1701966,19.28106103,Yellow,9.952691833
12/03/2024,29.96789204,20.7628836,62.72624001,27.67798537,127.3059152,51.23616921,82.79974753,66.90905863,23.78712591,Green,10.67753318
13/03/2024,25.13805293,21.06715046,64.13549102,27.94438308,113.1454642,51.84721056,88.31637136,33.77833882,16.64223549,Yellow,9.89701928
14/03/2024,45.38653571,19.24130671,61.21886093,27.50866879,116.1957572,53.25581978,90.9717683,36.6086261,29.48755003,Yellow,9.916030662
15/03/2024,42.6714336,22.36444236,61.8114935,28.7289715,115.8009106,61.90425668,88.05478969,55.0404209,17.62177482,Yellow,9.716908041
16/03/2024,43.2251792,24.34367015,66.81117854,23.61176815,127.4282807,53.00944542,90.39223352,58.26581498,24.72045477,Green,10.26351124
17/03/2024,44.28175867,24.25568513,61.81438348,26.63600155,123.4540599,69.36152763,99.93052618,66.47017419,18.68181694,Green,11.08637769
18/03/2024,26.85111629,19.50839371,65.25163384,22.14647283,125.9336279,58.93429055,82.70434627,30.24012045,25.76342074,Green,11.08290704
19/03/2024,33.96164321,16.13238046,67.09046262,25.2296246,115.009358,60.03035921,93.50912091,59.89990176,26.65232051,Yellow,8.570762701
20/03/2024,27.89672649,24.84841199,61.06876923,26.36433775,122.497482,54.93317232,87.92001933,56.92730267,25.10129593,Green,11.01471051
21/03/2024,46.57758565,23.38898086,65.6731222,28.17446686,121.4349197,59.41920505,82.66019598,23.18972781,24.2174919,Green,10.81111049
22/03/2024,40.58245317,16.24662681,62.56562784,31.45584158,126.6566075,63.23827265,83.17473527,39.36115706,28.38703641,Green,11.3537047
23/03/2024,33.27245062,24.20841883,69.62926875,27.60716173,128.1217412,65.02354274,98.98546212,34.13827285,16.17940066,Green,11.72949687
24/03/2024,26.58895876,23.69896362,64.83545647,29.17953308,110.2431354,65.07736165,97.59202993,35.22452122,19.96372149,Yellow,8.275012532
25/03/2024,32.77455804,20.18838057,68.0599255,26.56892665,123.4803984,61.55782225,98.14083921,69.14734398,18.72431219,Green,10.12359804
26/03/2024,33.12958305,20.91275436,65.50226542,27.97514435,111.036716,68.0871955,99.83065552,52.13887067,29.82020943,Yellow,9.313647449
27/03/2024,43.24015446,18.99002704,60.43412533,21.78025438,120.9771733,66.34815695,84.1663078,55.88380789,20.8408467,Green,11.7701025
28/03/2024,40.93893678,15.54761639,66.33151376,23.79830739,115.7526546,65.14096229,87.10878675,68.83088187,25.98919049,Yellow,9.108065568
29/03/2024,47.18031856,18.35197242,69.51403342,24.98038403,116.135532,51.11211043,93.3843806,38.86008912,25.27087746,Yellow,9.323453448
30/03/2024,36.80537313,23.02853449,66.0161182,26.19742691,117.0591701,50.13755924,89.6760508,60.09200842,18.18121856,Yellow,9.472926639
31/03/2024,27.98985615,15.04632023,68.19188859,21.5021362,122.425849,54.24894554,88.36779067,41.72654817,18.5849652,Green,10.01077405
01/04/2024,42.83111968,18.33499172,68.84206463,22.54026507,116.6809993,63.27047188,87.15622499,63.47668359,19.21926845,Yellow,8.19586161
02/04/2024,44.01962622,18.98168694,62.28079772,24.04495739,124.653981,58.22394978,91.87561264,29.03287707,21.16690917,Green,11.1338418
03/04/2024,39.03192994,20.37395603,62.1204484,31.6868596,118.0905477,58.04812519,91.51186857,67.38430885,18.51487598,Yellow,8.254499702
04/04/2024,44.2741795,24.19855616,66.10980989,24.64481708,111.367064,67.69173776,83.22915668,30.93858542,15.29477224,Yellow,8.042705397
05/04/2024,37.34488991,18.46345994,64.1102847,26.30245164,125.6751968,67.91125696,89.43479675,36.31102535,28.19089585,Green,10.1247748
06/04/2024,38.06832073,18.46953202,68.39861303,23.15707484,115.7151665,68.18350528,91.06943552,57.80961171,29.48414747,Yellow,9.295222284
07/04/2024,35.68852546,22.37501248,69.00023123,27.71858078,118.6553376,56.27756153,91.40573877,39.68775708,20.12355581,Yellow,9.133434328
08/04/2024,25.63547817,19.52217941,63.53421379,24.08751537,123.7088777,63.82111625,84.20214386,50.41056884,20.07760319,Green,11.50476556
09/04/2024,27.69728567,17.24604823,62.36870559,23.27691836,116.6491231,55.43266363,94.84542785,42.22867505,15.10637719,Yellow,8.403376537
10/04/2024,25.78572964,19.52439516,67.80525515,26.68229891,111.1317131,53.81219666,80.5039819,57.11849685,25.20376032,Yellow,9.53326583
11/04/2024,40.91026028,16.4085702,62.74806036,21.06056379,117.4784209,53.69264915,87.09663711,31.41656262,27.38159844,Yellow,8.427029028
12/04/2024,32.85889953,16.76386987,68.22614319,21.08430436,128.8889717,56.84215242,95.60425297,22.92289936,17.19912451,Green,10.5318571
13/04/2024,37.71426728,19.98367773,64.23738254,23.4097569,122.8346879,58.5991524,91.27785842,34.99646987,17.39499524,Green,11.65669994
14/04/2024,47.68916185,19.1892545,66.67549899,21.40393499,123.429583,66.61898342,85.22324865,43.71543324,26.85124875,Green,11.38072922
15/04/2024,31.23230573,24.14845901,60.95535314,22.1882833,122.6456431,52.39782187,93.89906239,28.40100261,24.24436123,Green,11.25940759
16/04/2024,35.25957308,18.62393899,66.23859325,24.72746714,113.9798428,64.69851695,91.34781888,37.73986448,15.67290836,Yellow,9.386216323
17/04/2024,43.88877846,20.8058835,64.51767679,29.82844248,118.3666773,60.62909828,95.92487219,39.99915091,24.33820486,Yellow,9.165814426
18/04/2024,30.71995414,21.32264288,65.86608463,27.29253508,125.018796,55.75890685,94.70050372,22.86959218,19.63376584,Green,10.70912523
19/04/2024,26.92449775,15.13094457,61.68014208,26.63934499,112.027458,59.85639169,92.20215844,49.16536241,20.53087733,Yellow,8.716947834
20/04/2024,32.24378632,21.63537372,67.36873745,24.22837706,115.5570555,55.9988414,89.76355351,64.2171714,26.54597127,Yellow,8.74808597
21/04/2024,29.03053218,16.78035967,68.62797078,31.24929091,115.5263822,61.9216391,82.66364251,27.58714565,27.16402789,Yellow,8.232771569
22/04/2024,48.24244131,24.61070317,62.167398,25.36716545,118.6403786,58.67687846,85.22666036,49.89040067,21.0053494,Yellow,8.874451487
23/04/2024,45.20300949,16.48662728,60.95714556,21.95802043,129.6073748,53.28811058,88.38198946,53.23696025,29.20729404,Green,11.86379667
24/04/2024,40.83509391,19.14624124,60.23638586,27.78773168,111.3500509,52.33166149,91.98598574,40.96673402,21.09694077,Yellow,9.342901949
25/04/2024,46.78651475,15.85349668,66.419715,22.25222233,120.3740199,60.93391364,90.2741571,55.05487937,26.57754053,Green,11.30641157
26/04/2024,45.09180192,24.96874252,66.07094036,24.79745457,113.5872936,68.04826067,85.76369052,40.53657717,22.25815897,Yellow,8.234295121
27/04/2024,29.66425147,20.0219501,65.46697413,26.58153133,129.4135309,56.87915373,80.12928716,45.2318644,28.4629849,Green,10.5148919
28/04/2024,47.31397496,20.95385017,62.31947096,30.61644777,112.2660701,64.66000214,89.92478444,20.36765223,28.61641865,Yellow,9.556985378
29/04/2024,38.48355605,15.67076477,63.90905996,26.42901238,118.07202,63.1732271,85.71251977,54.58600571,16.31125212,Yellow,9.030161591
30/04/2024,45.18600388,22.4996047,65.94476335,28.72484643,124.7576997,68.63109829,94.69216601,53.06713395,29.04739997,Green,10.26833701
01/05/2024,47.4022825,17.09905593,64.96766859,31.92098523,124.0910886,66.41962035,80.47892531,21.92004387,27.38302262,Green,11.48525729
02/05/2024,32.95008687,23.98054289,69.8778552,22.44638032,118.4545727,61.33210518,91.69655623,38.41250537,26.86966071,Yellow,8.253197708
03/05/2024,27.75129811,17.0513964,61.36439753,24.02204678,116.9304834,63.14060996,98.82948475,68.95159204,18.0136701,Yellow,9.407434174
04/05/2024,30.69837906,16.90687721,66.95144554,25.34033683,117.9522476,67.96772933,83.48818534,41.03682813,27.07678813,Yellow,9.238333201
05/05/2024,35.67769472,15.36549668,64.04318768,25.64010996,115.2855253,57.99037569,89.43298982,45.09727026,27.75199102,Yellow,8.342741094
06/05/2024,45.45036915,19.72066945,64.28199615,25.52123183,114.1066588,56.53589412,81.82843984,65.49650791,19.33725502,Yellow,8.053923485
07/05/2024,46.51826458,20.64841133,67.17597766,30.98372103,119.660794,50.21622167,92.51363825,55.86309379,29.28390118,Yellow,8.920474328
08/05/2024,25.17380326,15.65708639,66.92436151,28.85435909,115.3706751,66.53102148,91.01063361,49.10350656,15.7479022,Yellow,8.689014086
09/05/2024,37.76868256,22.75527617,69.91255994,27.68695735,115.7492333,66.01961401,88.14731048,59.89023407,17.2486388,Yellow,8.360455904
10/05/2024,35.43527508,19.53288835,61.28394289,24.4030999,123.1351213,52.08909036,90.42754043,63.21831332,23.06371707,Green,10.62654669
11/05/2024,30.55269526,20.24390269,61.04109649,30.06169423,129.3707466,61.53714762,97.93149317,42.84440359,23.63688707,Green,11.71100581
12/05/2024,27.99663418,19.40762747,67.24338817,31.50566563,122.072744,59.27963396,83.92588605,43.75541825,24.67725125,Green,11.8071161
13/05/2024,33.44037929,19.00763061,65.78386917,30.03318111,111.5395893,52.37418191,80.45129023,39.30254678,15.25453694,Yellow,8.302053684
14/05/2024,48.5727426,20.59640331,62.74160667,21.01721616,111.5116723,69.61136454,97.23329769,68.335307,29.40550162,Yellow,9.615445312
15/05/2024,33.0800733,16.55240246,60.79419369,28.00041507,129.0284644,54.29391775,91.54234165,54.85831271,15.66882139,Green,10.84866031
16/05/2024,37.96976554,16.8192813,60.8565825,21.5624892,115.9458158,51.3446836,97.81316911,24.16115331,17.14592929,Yellow,9.92355427
17/05/2024,42.57547397,23.61785621,68.94190875,23.83367942,111.8413397,61.89694759,91.93890447,63.14798117,15.21021776,Yellow,9.647171524
18/05/2024,34.09074006,24.46115462,61.91867325,21.6547717,121.9808917,64.77733354,96.2032218,44.02799704,23.5028765,Green,10.55147717
19/05/2024,49.29455207,18.73309316,63.23371562,27.64174998,122.4729756,50.64886892,88.59346727,23.43769532,28.98400326,Green,10.50263258
20/05/2024,49.06118237,17.70744673,62.26656402,28.55248905,122.9700964,63.17435277,94.99719863,47.48586276,24.98920749,Green,11.86600486
21/05/2024,31.2945574,21.43999543,63.54996306,22.25936402,115.3480406,60.64583752,98.26082934,40.85821395,27.33986203,Yellow,8.704880031
22/05/2024,37.43121265,19.08734171,60.69423843,25.22222771,110.3022137,52.06530018,91.44245927,63.88747024,15.19921805,Yellow,9.094531662
23/05/2024,32.52195775,15.25386356,65.19059791,26.0186016,129.3003074,53.45047754,83.61570301,30.19973018,23.13022948,Green,11.34062193
24/05/2024,32.12101236,16.56152597,60.67612564,25.05958324,115.0178609,61.35948595,85.3759523,61.32323047,21.89344466,Yellow,8.729270959
25/05/2024,25.92217368,22.15972229,68.00356508,22.33127501,123.5205258,55.92715227,83.97289154,47.88443456,22.48451916,Green,10.7732311
26/05/2024,40.23910835,21.58923942,62.33712082,25.60842569,124.1325974,68.76631457,84.93714055,22.73051516,16.08319778,Green,11.56063317
27/05/2024,37.56697558,15.27095993,65.40011915,29.26295853,122.2001483,66.37480459,86.12830899,68.59226507,25.26653042,Green,10.5202637
28/05/2024,26.28696878,17.21972162,68.80079088,21.78108431,116.2581479,69.67134413,91.10267574,45.63076221,22.54830622,Yellow,9.852057349
29/05/2024,31.96616161,17.31074797,66.50877369,21.88198015,115.4219251,55.19341678,91.75983259,34.54384271,26.47723275,Yellow,8.348386948
30/05/2024,47.70664715,21.71892744,65.32957787,24.90248421,121.9533657,69.39447266,88.52999494,43.4703421,22.27935951,Green,11.00314304
31/05/2024,30.98904727,15.19710538,63.24333753,31.35898283,127.3219127,58.6246774,92.3084156,62.89288918,17.24072454,Green,10.45631521
01/06/2024,28.6223718,16.04108582,63.33001913,28.35429911,128.9346746,56.95037591,81.63149851,35.24515622,24.72385431,Green,10.39823469
02/06/2024,37.23631901,22.99916085,66.69486955,28.46536952,112.1181161,51.00699054,81.75576474,29.63381982,17.58579543,Yellow,8.98880358
03/06/2024,49.64126135,16.78544662,69.94139361,24.9811199,113.0965723,51.05530516,83.43658921,26.45356235,28.08591845,Yellow,9.742564722
04/06/2024,31.05138179,21.52746108,66.6183919,27.5302687,128.8947252,63.84022512,90.36154996,34.89296992,24.19674359,Green,11.62258145
05/06/2024,41.80338869,17.38182781,65.57783417,21.11144302,124.7307046,59.15857989,84.27989357,59.00240435,17.35805825,Green,11.95539389
06/06/2024,44.04049038,15.99441393,67.3065051,27.99705651,127.6598765,54.53043252,85.66568807,43.58131826,29.43507086,Green,11.92105212
07/06/2024,30.9409386,17.43172191,64.65205612,31.04615642,114.0526527,62.27940613,88.00625672,31.37408018,22.77548195,Yellow,9.869431405
08/06/2024,43.20540872,22.22266932,60.60142343,27.73830815,121.7517174,55.05716237,96.23732248,28.30924998,16.09347678,Green,10.28207385
09/06/2024,34.19457832,23.55696468,65.62296816,30.61068453,124.0227919,61.55263509,80.27724272,36.63647383,24.40249357,Green,11.80886435
10/06/2024,40.80764576,23.30219865,69.57625285,28.96370361,123.6022377,57.18417494,92.9875764,66.99621864,18.79798361,Green,10.11348435
11/06/2024,40.83824277,18.9718353,61.75302942,22.32614258,118.1630338,66.47104453,93.37753062,37.15133563,27.05540178,Yellow,9.062667419
12/06/2024,38.3943671,21.68085137,66.90004891,30.92698638,110.3078978,66.41392322,95.97311561,69.4062038,27.2673311,Yellow,9.324812671
13/06/2024,27.25724425,17.04984295,62.00933689,21.73088229,121.6585211,59.54700796,98.65505878,44.26152279,29.68421034,Green,11.34850972
14/06/2024,45.88256239,17.9314773,65.35827684,26.8736422,115.0620308,57.01638219,80.40275698,28.95819591,22.52804297,Yellow,9.548468443
15/06/2024,33.01950162,23.96335819,60.9667645,22.56350836,119.0050849,57.25119593,83.07567411,64.55700459,21.8243532,Yellow,8.71038171
16/06/2024,29.66296276,15.13001924,64.50370936,21.12877272,129.1516203,66.11429051,97.72342588,43.01776866,26.30213408,Green,10.35325151
17/06/2024,26.01937854,15.85508531,67.56163329,25.64237686,117.9807064,56.56358966,89.17037124,55.48356718,16.98705985,Yellow,8.633625925
18/06/2024,39.77232358,17.07886255,63.47571524,24.24544778,126.7960321,54.18118747,91.29181278,69.18557916,23.20373271,Green,11.02657903
19/06/2024,41.93910905,15.26532204,66.64911724,26.34600543,113.7708121,51.69376684,93.26054407,22.50876752,23.193714,Yellow,9.45443783
20/06/2024,25.41469572,16.81435435,67.95449961,27.34919875,123.44921,59.33386242,93.58133209,24.83472799,16.34209684,Green,11.4676306
21/06/2024,37.80232646,20.83041561,69.27177819,21.4811298,129.5401391,59.64264198,98.63480807,56.02283707,21.26976128,Green,10.52909353
22/06/2024,30.66239438,19.21424551,62.34642082,22.35303625,112.037862,66.81817421,99.93898835,34.09125016,27.79927198,Yellow,8.909583193
23/06/2024,41.12931976,23.92671711,63.99315916,27.14506636,110.1663988,54.42477393,94.40314922,29.21506985,27.84230433,Yellow,8.481309043
24/06/2024,29.35916073,23.17443562,61.52416013,24.77484088,118.6716559,57.61982547,85.74442418,21.96809399,16.48856497,Yellow,8.014579971
25/06/2024,42.27344345,18.41817352,69.92483502,29.02090836,111.8525097,66.16811478,97.59504805,21.0923356,16.36081324,Yellow,9.007959007
26/06/2024,34.66838366,17.59423433,69.27000968,28.17520813,124.967687,66.47247221,80.98441829,58.72428016,18.94043216,Green,11.11437745
27/06/2024,48.41824972,18.79692408,65.3995713,30.30164799,128.2909733,57.69222152,84.62161706,26.72167137,28.12149094,Green,10.72321476
28/06/2024,28.4380236,20.90294943,68.42033294,28.61742109,118.6804195,59.18248047,97.94771435,43.3860308,16.93353878,Yellow,9.583628965
29/06/2024,33.52665878,17.68063641,65.20957977,25.72924185,115.1742328,56.06571782,85.12383029,50.29484076,25.79995204,Yellow,9.62306663
30/06/2024,27.83683803,21.24148908,66.23585688,28.40263285,118.6880664,68.65109757,84.41302119,41.41759003,16.51748429,Yellow,8.737352195
01/07/2024,48.11734046,19.09411652,60.89124432,24.02919292,124.4689564,52.37287531,82.76250586,21.35533262,24.34706781,Green,11.23595046
02/07/2024,46.93348383,20.52047181,67.5527042,24.36944849,110.1810832,68.67498846,97.18223515,59.17507513,20.34100949,Yellow,9.629598715
03/07/2024,31.44854069,19.36126529,61.27713484,29.67883676,121.7890798,63.67732904,90.00116518,20.52566123,26.83370944,Green,10.22336569
04/07/2024,41.49960115,17.9446576,68.2606763,25.91061468,122.2658337,60.63144305,93.49786406,58.09449472,18.50535673,Green,10.70861816
05/07/2024,45.43055501,24.48453307,67.82028088,29.78218375,122.7537649,50.65318122,84.78132768,64.66522469,24.58802744,Green,11.30421886
06/07/2024,38.88002029,22.63605794,67.08744698,30.04664611,114.8404416,59.51192384,95.16080842,41.64199605,18.53523802,Yellow,8.925018622
07/07/2024,38.24126446,16.40113176,60.36160381,30.43318571,124.2810545,58.1549621,95.2001109,46.77712365,25.70490425,Green,10.3895252
08/07/2024,31.04630727,23.68467976,63.03128356,31.08298759,111.8278297,53.22437624,86.2519605,43.84916963,28.10517052,Yellow,9.807919044
09/07/2024,27.3275692,19.87431198,62.6311257,25.74083743,113.9854067,63.12819207,88.21365266,39.46043093,16.90202699,Yellow,9.269759123
10/07/2024,47.43039395,23.94552227,63.60136407,24.507535,127.5494009,69.42301815,84.19380555,64.37122677,27.99893533,Green,11.55930315
11/07/2024,47.51045143,22.99855256,60.87642747,27.40418621,124.774463,61.24377622,99.53122047,64.69667553,23.90362882,Green,10.22694615
12/07/2024,40.82753643,19.25213504,69.36957823,25.08289666,110.2749111,64.29506553,92.91205154,36.79081823,16.90665736,Yellow,9.473579197
13/07/2024,33.47574478,15.22469308,65.53802241,27.61181583,114.9675252,51.36900905,98.69087761,50.7534877,21.41312783,Yellow,8.764807738
14/07/2024,33.73023937,17.68677359,63.05524311,28.76144449,114.2881297,58.35333992,86.06771087,66.34537811,17.4129044,Yellow,9.884900317
15/07/2024,43.14889197,20.41634215,63.96981517,28.5724552,115.4161266,52.3271697,95.63781826,68.10292495,25.50521833,Yellow,9.181993567
16/07/2024,47.4277565,21.3347822,64.47202541,25.12008176,114.9511954,62.25591671,95.31717288,45.44795202,26.38302202,Yellow,9.340576968
17/07/2024,47.17716061,17.57887685,66.00594333,22.83546222,111.2505259,68.76964316,93.83311304,42.64124026,16.5869478,Yellow,8.269176106
18/07/2024,44.49688865,16.39356074,65.15679428,25.73582272,119.1788103,63.23555465,99.31277951,33.9347158,22.59209779,Yellow,8.521122367
19/07/2024,41.05079115,23.34930237,69.19391973,22.56853558,124.6546695,51.53606097,87.87110672,67.94359366,27.21937584,Green,11.49392433
20/07/2024,27.10349912,24.84402181,64.96963483,30.79106739,122.1346345,57.0933241,82.61434647,27.14071522,29.04244562,Green,11.10694069
21/07/2024,29.04071785,20.25690182,69.92158015,24.80465207,123.4574334,61.01326759,93.43417718,48.9914788,22.702768,Green,11.21472414
22/07/2024,47.46385471,16.71679286,68.51424958,22.69905722,111.6229836,58.06415512,94.58619601,34.12751338,29.25418835,Yellow,9.759161435
23/07/2024,40.16072649,17.72307327,62.08510514,21.27992536,129.0298142,66.67288021,91.50121147,33.95041452,23.03533456,Green,11.13454521
24/07/2024,25.22992629,15.18390677,69.30595215,28.10404625,126.7698367,66.29342009,84.13635786,40.24842937,20.91285742,Green,11.93122059
25/07/2024,27.53678857,24.14298807,61.16366398,28.00592549,126.1018064,62.2366204,90.08911883,69.93964679,27.72304693,Green,11.32537527
26/07/2024,41.58754423,16.17751083,68.17449708,24.74664583,126.4596761,57.4691589,86.24379473,22.74831534,22.39474066,Green,11.52090155
27/07/2024,25.1265396,20.76516476,63.80623293,21.78883078,128.6542102,55.10672748,88.54933056,48.92709091,22.07853766,Green,10.48928617
28/07/2024,29.02020129,17.74055221,68.7797432,25.50591784,120.8850793,52.11748636,92.90437152,24.1286079,22.35468734,Green,11.93798536
29/07/2024,38.71834473,20.54178003,68.6805669,24.42339245,114.0056404,57.09795367,94.90429485,27.7260415,27.70177503,Yellow,8.328629958
30/07/2024,42.29737994,21.51420388,68.059254,28.44832704,122.3356722,58.26345034,84.64449382,41.97814709,27.47912313,Green,10.27913188
31/07/2024,41.29903149,23.29741804,67.90030436,27.66357174,124.8576299,63.5164585,88.10650721,45.52300657,21.05279989,Green,10.12105697
01/08/2024,30.60673274,17.06421272,63.04679139,25.01053101,124.7583479,63.16319649,85.38323142,32.93962042,19.9994979,Green,10.81023441
02/08/2024,42.80448053,15.10995829,60.80919283,23.3968181,120.4289805,51.40216279,83.97263228,35.82285654,22.37892036,Green,11.47840294
03/08/2024,30.93122719,16.3688563,64.02980179,31.86839563,111.3691744,57.90518631,95.6677444,24.34835101,23.59158765,Yellow,8.480871652
04/08/2024,33.13499245,24.00018642,61.73524515,25.99401783,117.4222588,53.63557734,98.18505389,35.16098919,18.57505816,Yellow,8.654006632
05/08/2024,43.66228513,23.73890078,66.94951089,28.57101659,128.4153322,53.13625411,87.40464371,68.32792197,26.90932627,Green,10.9101179
06/08/2024,41.24082248,20.97413102,63.46099727,22.54608264,121.6889782,66.54604299,95.02557849,67.23536908,22.29724149,Green,10.37219574
07/08/2024,46.23058526,21.0051686,69.75610201,26.3414867,120.7666389,50.83830433,97.93990579,36.74391451,20.01068323,Green,11.78393404
08/08/2024,41.44032231,21.65036675,66.40972077,21.30290392,115.3770703,58.38365752,96.92248421,48.54269681,16.60231489,Yellow,9.380610343
09/08/2024,39.20771508,16.75371279,68.22480564,26.5600063,117.3689784,53.36407312,83.65626777,65.47976956,18.58267741,Yellow,9.588690864
10/08/2024,27.3418692,24.14411946,61.32524673,31.60419148,127.9069218,67.58660431,99.12583763,20.30919113,29.23921758,Green,11.48840538
11/08/2024,34.19289508,19.18770525,68.62014482,25.22627384,123.329261,61.14081027,87.53352881,60.53417852,19.5764953,Green,11.32932518
12/08/2024,31.63005919,18.83138528,69.22757191,21.42895614,125.7477405,54.62761273,86.78481322,67.41847764,17.53288934,Green,11.86716994
13/08/2024,31.09974108,20.18917705,64.87061919,21.3405137,119.0869085,60.04854574,81.24862655,24.56628672,21.91009187,Yellow,8.763917527
14/08/2024,49.32526387,15.46965967,66.06252938,25.26785436,122.6049444,64.62972719,89.72347308,28.0723843,19.60631615,Green,11.97082981
15/08/2024,34.82744312,16.66283369,67.64809801,22.7602743,114.9676722,69.16236018,82.18027231,68.03731514,15.52738875,Yellow,9.983907606
16/08/2024,47.30116388,22.38033616,61.74838627,21.25687306,124.1092166,54.40892008,84.97079642,46.87700718,19.84717826,Green,11.83633503
17/08/2024,40.77846565,15.82798668,65.02566076,29.31834975,118.5520267,67.72363544,86.33885244,20.70983172,23.16162936,Yellow,9.026834175
18/08/2024,44.87028259,21.03152109,63.98663028,26.0437531,118.8509103,68.68608228,96.17652647,32.88159994,23.27568558,Yellow,9.949915879
19/08/2024,37.56592733,17.4534911,61.46373992,24.18169249,122.9864465,68.32841089,97.50977301,42.49718371,20.34838382,Green,10.33402852
20/08/2024,39.42259712,18.89295614,63.67534422,30.90091501,128.7256124,62.70828714,86.04932635,54.64544555,21.70954134,Green,10.61766465
21/08/2024,37.31294235,17.88693737,60.68172309,22.27752856,111.2801269,62.59641309,97.17396242,56.65801891,29.48276877,Yellow,8.652759491
22/08/2024,29.88107469,18.55672716,60.25811907,31.51510712,126.4948647,58.06421266,97.14461875,69.77107565,20.66022716,Green,10.90077793
23/08/2024,43.06130288,22.19045905,61.35166289,24.45363389,115.8476622,65.04795765,95.29301901,34.37555997,18.8734022,Yellow,9.721283225
24/08/2024,32.01930906,17.97121716,69.63115112,30.7724404,118.8783891,60.62588037,82.93390228,46.91100509,18.65200566,Yellow,8.807749105
25/08/2024,25.60789916,20.6640464,65.49529536,27.63237164,110.4382666,63.54876142,93.80645694,46.66617739,21.86646919,Yellow,8.90469693
26/08/2024,41.1368074,19.76050402,69.65822161,30.09378096,116.0209216,58.56915808,98.90048129,40.28226297,26.39280223,Yellow,9.826710229
27/08/2024,29.42776699,21.63671165,64.32497878,31.8241448,120.0526249,64.62992928,93.65080958,28.45809469,18.08982276,Green,10.16587905
28/08/2024,48.51146461,24.36829739,63.11816133,24.17245982,111.1235215,66.48943035,86.63233698,68.87282816,25.63944191,Yellow,8.524205682
29/08/2024,48.84821443,22.32572097,65.06141863,31.57249034,119.8219146,52.92872513,90.01158635,62.66585933,15.31724735,Yellow,9.168131631
30/08/2024,47.87160976,17.14940379,64.39511689,25.28430084,128.5422126,66.65859431,92.91450087,44.91665141,21.28399467,Green,11.11044799
31/08/2024,34.25396751,15.31183135,61.05664684,25.24063095,112.1078644,60.80593064,90.21140817,50.16227113,26.63797598,Yellow,8.935619565
01/09/2024,25.38641541,17.62264044,66.40826315,24.74425815,125.2888146,66.89331818,82.39905883,31.36305268,20.08099434,Green,10.00214575
02/09/2024,48.20796406,20.95077931,62.16038183,26.95548368,118.1934211,58.62603413,86.24128089,47.18935352,23.45605652,Yellow,9.594358097
03/09/2024,35.70460371,15.51425813,66.19587955,22.69559547,123.1034743,57.58080971,96.04792061,54.74850666,18.07468849,Green,10.99407886
04/09/2024,49.16637048,19.96366247,66.50201092,27.09082634,115.204732,68.30121465,97.22836092,45.75835142,26.12993087,Yellow,8.190678824
05/09/2024,49.09049943,20.96842849,61.52024853,26.95875294,113.1898453,55.02338535,82.74600065,69.51425853,15.78418655,Yellow,8.053485827
06/09/2024,46.32523639,18.34243891,60.61349627,29.38091994,113.2092523,66.88424651,99.04773505,50.56708281,27.78813967,Yellow,8.929606874
07/09/2024,32.3612223,22.70912204,67.80761586,30.17014958,111.4098389,59.68041145,86.57645236,38.54868563,17.9729458,Yellow,8.4707877
08/09/2024,34.62744322,16.06598253,64.59800424,25.84485485,113.7129341,60.28190885,93.24627477,58.60760138,28.11597048,Yellow,9.095093586
09/09/2024,46.27841679,15.75137782,60.58163796,24.32566574,123.2843877,56.16936563,95.03650292,28.52312558,20.28793862,Green,10.00853951
10/09/2024,32.92305013,22.28188756,69.94866317,23.85268387,127.6338122,61.46084401,96.23892469,39.22579069,25.84025362,Green,10.89855992
11/09/2024,29.23731867,19.95491316,60.57780561,23.1408622,126.2825137,56.50422393,98.91499404,37.34794752,19.78837947,Green,10.42524116
12/09/2024,38.92003156,21.88402396,66.95035229,21.6341234,123.7026862,50.78538828,86.25839096,41.59035476,28.58867507,Green,11.74005059
13/09/2024,48.40386935,19.34827339,69.83678925,24.76692777,112.2086373,55.43997211,97.17012909,59.0889913,16.89955688,Yellow,9.243016991
14/09/2024,42.40074492,17.46402033,62.39180104,23.97272461,115.7837489,50.12758087,82.63373807,44.20865161,17.67779684,Yellow,9.802936742
15/09/2024,39.25152925,23.19102318,61.42249369,31.63059124,116.1961375,69.56709574,94.10081813,59.70072251,22.39545188,Yellow,8.911137243
16/09/2024,27.42941234,22.99415879,61.21384939,27.13479709,114.9991389,69.3149442,94.83955459,48.82444516,16.22907659,Yellow,9.065358099
17/09/2024,40.37518067,21.94696471,63.03275148,24.82004743,120.3001132,57.90310595,93.55446482,37.10347173,17.93970277,Green,11.16910729
18/09/2024,49.75134625,17.72145137,61.01045811,27.38514361,120.7110763,64.56741709,85.04629472,60.49893718,29.15649573,Green,10.9306323
19/09/2024,28.50210038,20.90230667,66.92161342,22.53116371,117.1377195,56.91612197,97.46086294,31.91448353,29.64734492,Yellow,8.273574557
20/09/2024,37.95824131,18.60973897,60.62291798,25.88448124,117.0757832,63.42186314,83.37716927,31.21914899,20.64388994,Yellow,8.346454078
21/09/2024,46.9343268,15.91582073,65.09422128,27.88857754,126.571112,66.10860086,81.07269583,45.2251462,28.84929032,Green,11.24594534
22/09/2024,43.51921544,24.17313575,69.96696854,26.37787615,125.785857,68.93512489,94.34929981,33.0424623,23.17237014,Green,11.81472621
23/09/2024,42.42539352,16.36818631,68.1397027,25.41956681,116.1559166,58.00424552,89.5095143,20.45435175,19.04613699,Yellow,9.802273252
24/09/2024,42.5621021,24.50237354,66.15219438,31.93233228,128.2757689,65.66595966,96.9819604,52.41487636,25.53598082,Green,10.81270902
25/09/2024,33.98727878,19.46005773,63.06253621,30.68346238,129.0563003,55.31856901,87.66794282,45.55469107,24.8835271,Green,11.95497037
26/09/2024,32.33979611,16.85132929,66.23895836,27.85746554,116.5348508,69.80664608,83.36557177,42.27589072,29.83687979,Yellow,9.152285741
27/09/2024,45.23402889,20.41900947,65.27041464,27.26315097,117.088499,50.51539198,96.72884385,68.34842573,18.97570931,Yellow,9.383254856
28/09/2024,45.25283487,23.72945836,64.26083384,27.82726528,120.1126831,62.07057613,90.97819263,48.5599592,25.08089254,Green,11.14763384
29/09/2024,46.67680796,22.32224886,61.30710377,23.21443319,128.8224163,63.19011963,83.78391585,63.17157889,15.78035633,Green,11.20116908
30/09/2024,47.83101381,23.06561148,68.86604215,25.34651518,127.5263887,63.76091114,94.40767997,26.97251181,16.70469058,Green,11.32700029
01/10/2024,37.78355997,21.58783367,64.49784649,21.43405486,112.0513593,52.40775158,90.22227277,48.46032316,15.05877562,Yellow,9.875348265
02/10/2024,37.53790737,21.92276565,61.94622512,26.23100641,117.8546149,68.77059567,92.08625964,63.39898134,29.99191022,Yellow,8.491160976
03/10/2024,44.95737947,23.49195652,63.67759351,26.97327042,121.0674238,53.62366558,89.21796676,49.15528786,27.03410546,Green,11.73472021
04/10/2024,41.24909827,17.49668009,64.14129753,23.5052471,120.0626495,62.45506806,96.57417968,55.90070891,26.80084522,Green,11.41730695
05/10/2024,42.54917193,19.89424964,68.27537896,31.60431732,113.8772614,54.45352158,96.59125431,38.60217839,22.64589113,Yellow,8.370817898
06/10/2024,44.89481674,17.21209442,67.33614381,31.00400072,127.1763354,56.14432834,94.18777644,24.62247585,19.50100624,Green,11.21939911
07/10/2024,47.25013355,24.87668008,67.69304894,28.94357559,123.5388157,60.92917083,82.10802755,42.89501476,17.26896427,Green,11.513302
08/10/2024,33.44987892,24.4405934,60.11031264,26.86725292,126.7581675,58.34386837,96.77707724,39.72396954,19.27012108,Green,11.47293677
09/10/2024,34.38957382,15.39426811,64.16153998,30.56966076,127.1752856,53.20451202,93.42025961,63.35300912,20.63956833,Green,11.3212826
10/10/2024,27.3495485,22.05575173,64.81344152,22.43717578,124.9671171,53.41872805,93.94048332,32.19976512,26.34465145,Green,10.74032586
11/10/2024,39.45700352,24.25248317,60.19192277,29.69560774,118.784212,58.36289576,87.25965681,68.33671138,23.09492683,Yellow,8.330716971
12/10/2024,25.89855684,16.80575345,62.59813209,22.37302895,122.2109351,65.14565957,97.58559112,67.90690599,16.1622544,Green,11.71887018
13/10/2024,36.63995045,20.67945231,67.60289823,29.73631729,113.2073081,67.95929294,94.507432,32.38158215,15.27043513,Yellow,9.996469272
14/10/2024,38.56611587,24.15488298,61.37109706,24.03344325,123.4729083,51.68255325,82.25180933,37.40259777,16.53498269,Green,11.7924382
15/10/2024,32.1635313,15.33945979,65.35310131,30.64799639,113.5850651,57.86207815,88.15556069,64.77778704,21.15748071,Yellow,8.709065464
16/10/2024,39.77083151,21.97420267,62.15201872,31.38446303,123.8789918,52.00491127,97.72760724,68.33111104,28.99789376,Green,10.57209741
17/10/2024,25.76250625,17.97349007,60.12120775,22.63675566,114.5919632,50.33184961,80.94393403,42.17195514,24.56103722,Yellow,9.736117946
18/10/2024,25.93370472,24.24396195,62.41201458,26.08943166,112.351026,63.23437365,99.22833239,36.04985228,27.0273885,Yellow,9.04184169
19/10/2024,45.56501402,24.71058245,69.75873755,31.79086116,113.3056898,62.04898884,93.58325137,46.30470066,21.99561892,Yellow,8.310733554
20/10/2024,34.00476604,24.44266489,68.01537112,26.3174818,110.0398427,53.26038228,92.62751955,54.38846032,20.42499125,Yellow,9.311521369
21/10/2024,28.17651282,19.74214217,69.59576644,30.49902275,124.3747924,54.67625666,85.41118513,33.67372577,16.62600559,Green,10.53115895
22/10/2024,38.0560815,23.62042651,64.87854044,27.47604674,124.648021,50.47415507,84.97583577,56.82365873,28.13899533,Green,11.53359351
23/10/2024,44.24983883,23.44549399,61.09736199,25.12862899,120.298667,66.69894411,98.84116439,22.58286786,26.74740044,Green,11.89319476
24/10/2024,30.39552569,18.19100473,65.47959489,24.14361911,113.227256,69.49381192,85.96544908,22.46472464,17.52177146,Yellow,9.952204572
25/10/2024,40.5722619,23.28915474,64.54377335,23.235454,111.6710868,52.70919074,95.51010593,39.31438526,22.68390846,Yellow,8.603381539
26/10/2024,27.13368662,15.37007635,68.44357083,29.37978011,110.3825793,54.62950428,87.86243596,37.6736596,22.31062212,Yellow,9.222433414
27/10/2024,26.29204303,20.96269878,60.98082581,25.25194558,113.3149635,67.36819048,82.78508142,35.78166077,24.37637329,Yellow,9.924475897
28/10/2024,38.28386579,17.30008837,64.88241137,26.62403008,127.8171107,68.52927596,80.21430595,44.55098813,29.19280341,Green,11.06277091
29/10/2024,38.51587804,16.20566886,61.50048665,26.41558028,114.8307368,58.39254766,90.88514674,36.03667912,23.69657163,Yellow,8.308789776
30/10/2024,40.93574754,15.76953202,63.24675927,27.35006932,117.0854265,51.01244945,99.51557637,29.61289592,23.103259,Yellow,8.285624129
31/10/2024,43.15228334,21.96288776,67.37357077,30.5213486,112.1069097,50.78783667,87.38272388,35.47347745,15.75484399,Yellow,8.919831229
01/11/2024,49.39630199,18.39874964,64.76018129,31.78813278,114.4472261,61.47899732,87.14384668,68.74521364,15.94361214,Yellow,9.266846449
02/11/2024,37.90750871,22.24766772,63.75888285,25.48342629,120.3844914,57.85790218,86.88183236,40.55567085,17.81020187,Green,11.07937021
03/11/2024,33.07391182,15.65356341,63.94476279,30.10270814,122.1550537,50.57304855,90.41087675,42.23563884,15.48706158,Green,11.68227273
04/11/2024,44.87965487,18.15290338,64.59446768,29.40980574,114.9070463,61.66504785,88.81329767,48.8272495,26.15029343,Yellow,8.272852064
05/11/2024,31.77080628,20.39491292,67.85016544,27.30881847,111.1546432,50.22605073,97.59829253,69.16703842,25.84995456,Yellow,9.616484032
06/11/2024,35.97428552,22.90723165,68.92084689,31.51651858,117.8206574,65.74743916,90.11041583,32.08006382,17.04084352,Yellow,9.927137262
07/11/2024,26.96140953,18.18752503,69.55334687,23.20521967,114.6840674,56.12865645,90.15515676,54.06410553,27.54118351,Yellow,8.645111931
08/11/2024,25.63376859,21.25891376,67.86903386,22.20190631,114.3910785,50.80516006,82.76743189,55.79923468,17.32179052,Yellow,8.603838268
09/11/2024,49.06621037,23.85977748,63.15406896,30.39358164,129.1972561,61.76704442,99.65479082,50.36622084,19.5176338,Green,11.04807608
10/11/2024,45.89950301,21.15863188,66.88134706,25.83064798,122.3260097,57.95368829,84.99945782,24.42891698,18.73465349,Green,10.2412194
11/11/2024,42.39935515,17.32959475,64.37603124,30.3166574,121.1375689,69.47600827,81.46728135,53.84361379,20.58460648,Green,10.37113881
12/11/2024,35.22382361,15.24400782,62.54670622,30.82399226,118.3155021,60.88397325,93.26292498,23.20473555,18.81995649,Yellow,9.767584826
13/11/2024,29.332358,23.70098874,68.40871579,21.68703353,118.5788867,55.50478362,91.9073274,49.80713248,22.3342639,Yellow,8.089279105
14/11/2024,28.91092607,15.21269411,60.38426349,30.71811239,120.8181001,64.18877729,88.30291308,56.97905886,21.11111822,Green,10.13064324
15/11/2024,31.25607245,23.74701673,69.01761992,25.93150961,123.9285961,55.42984005,88.44384468,30.54849453,29.79854236,Green,11.50626319
16/11/2024,38.73066662,20.28937134,64.61477465,26.61475738,124.0429219,68.08486583,95.70127842,62.08110038,15.83889525,Green,11.00278608
17/11/2024,42.86489807,24.39067699,66.37201477,27.89251762,113.4338782,57.49443941,83.9142528,21.51769028,17.13272065,Yellow,9.581703402
18/11/2024,41.50493442,22.98783236,66.59353922,31.19020867,120.002255,60.99737126,96.40506638,62.19064318,15.79238841,Green,11.94971794
19/11/2024,31.99834742,24.97934111,68.95117741,21.21027704,118.2391619,51.01146208,92.97494228,43.01645253,24.38761792,Yellow,9.806194677
20/11/2024,48.87163202,18.50711815,66.36669682,26.24527815,127.4105393,58.52242476,88.37939548,30.879397,15.81763916,Green,10.41973131
21/11/2024,43.44742292,22.67188289,66.13933585,28.56494247,122.6283784,66.64727079,89.16057233,26.68890725,27.54659606,Green,10.74117048
22/11/2024,38.85885131,19.01930914,60.66652041,28.94977653,120.6500813,66.11297611,85.13294414,67.66535838,22.67907946,Green,11.34523708
23/11/2024,40.29301866,19.7987562,65.18408022,28.61785675,112.3078928,54.48637118,95.04228665,23.63327938,22.90511437,Yellow,9.227177508
24/11/2024,35.49000156,21.27505463,61.50169001,22.47878642,122.1127578,54.52158142,90.25749485,29.954671,23.42391762,Green,11.6684201
25/11/2024,31.19327474,23.73677114,67.37433769,24.29335147,112.3440781,66.34610624,86.41709085,37.39111737,17.56220559,Yellow,9.183344467
26/11/2024,33.89931697,24.84083469,65.12221921,24.94587078,116.7441315,68.6079684,91.92100232,51.01174245,17.96535455,Yellow,9.046606573
27/11/2024,43.94615276,22.68273414,66.80227779,29.84880928,112.8568393,51.90721843,99.91468904,47.24005426,19.78225984,Yellow,9.080581984
28/11/2024,25.35983722,19.17766782,60.41672901,24.0663586,123.8414729,59.00117279,88.70524559,26.28217462,23.90244624,Green,11.20482104
29/11/2024,27.90181601,19.21357002,60.84792016,23.3177546,114.1250423,56.74908558,98.41382802,34.48639919,18.15176664,Yellow,8.326072931
30/11/2024,26.15006605,22.37582302,67.16323388,31.53192821,117.8371875,67.41376911,86.9003368,31.93758855,16.74497591,Yellow,9.51142319
01/12/2024,26.01822006,17.38777146,60.72084336,21.09749614,127.9134956,51.67049829,81.09465414,30.67714272,29.5517533,Green,11.53039462
02/12/2024,46.3865146,16.10474113,60.71256728,31.97602941,114.0863277,54.22251885,84.08484213,40.55721682,15.32972722,Yellow,9.164589465
03/12/2024,42.59144648,18.54622158,60.12108475,28.44503429,120.1561013,65.04936675,88.37390287,55.20157263,27.04046108,Green,11.96001348
04/12/2024,36.85434573,17.87238992,69.56501398,30.11316229,118.3854332,51.02587698,84.39269857,30.87264661,26.82052724,Yellow,8.650769698
05/12/2024,27.44585402,17.9630812,67.37508359,24.24081336,110.3624808,59.85070761,80.00454076,38.33394399,19.45821171,Yellow,9.851317873
06/12/2024,37.29039688,17.33607751,63.53251409,21.15746805,125.8551623,58.84214069,98.30003075,39.54587134,17.03439924,Green,11.88843217
07/12/2024,36.83679427,15.4209319,62.96535581,29.1165647,111.3809181,56.68802358,96.87758822,68.82282647,17.1844297,Yellow,8.210557111
08/12/2024,29.33004675,15.17873935,63.4970323,30.17559057,119.4851004,57.89144631,94.84584463,67.73331784,25.46147426,Yellow,8.84192175
09/12/2024,35.84629123,24.8772239,67.74653531,29.14523745,121.2135659,60.59881174,83.35629191,60.00687914,24.64209887,Green,11.5249698
10/12/2024,34.96261836,19.27773134,66.61370611,22.57135316,122.5685291,53.22734717,82.40727152,32.08294604,26.74118511,Green,11.77858077
11/12/2024,40.39625245,18.84326647,61.85195568,29.28770714,123.7726326,61.43991757,81.35209499,23.4018657,29.06221759,Green,11.80306795
12/12/2024,40.87734127,21.79647283,61.74109335,29.4581506,115.0654477,66.10864659,94.48058378,35.84520689,25.37891045,Yellow,9.582471787
13/12/2024,26.13260024,17.18253888,60.9839565,28.24394567,110.1995755,65.2032186,98.57615921,33.33972747,17.33777305,Yellow,8.128109517
14/12/2024,34.36531537,24.49961184,66.6030272,29.42727526,124.4688732,53.07799809,88.61071642,45.29629001,18.65163925,Green,10.11514788
15/12/2024,40.64649789,22.86345014,67.64372662,30.30513584,120.713132,52.98498939,82.38281344,58.8863955,27.63290596,Green,11.00549974
16/12/2024,37.57840646,15.89411002,62.65046428,27.74964526,126.7223541,55.36348735,90.24785641,62.91614694,18.13959114,Green,10.07509808
17/12/2024,46.41224603,19.17580776,60.20944961,21.97465185,126.4277673,57.22149453,86.97663815,62.24320427,16.08783475,Green,11.97248219
18/12/2024,41.46734079,23.79118308,60.82171667,26.36390591,126.8665234,58.16911163,87.49649849,37.98377806,25.54920081,Green,10.31662148
19/12/2024,29.07336068,24.44732022,69.67860035,21.85414268,119.7018932,63.59394434,92.42661248,54.36171717,21.03789533,Yellow,9.421543269
20/12/2024,26.76421869,19.67401511,62.95444777,25.48297334,116.6725679,51.13360864,94.37436227,35.64170988,28.80060079,Yellow,8.264360571
21/12/2024,41.06048196,21.13411389,67.69223148,25.47817138,125.8311641,50.69345408,82.21207198,23.04527716,24.75382607,Green,10.00647613
22/12/2024,25.66278276,16.67033946,66.24663569,21.72610829,119.0258823,57.83821126,80.71180462,55.07826328,16.35628467,Yellow,9.701112848
23/12/2024,39.64438953,24.91168626,63.8193964,24.83702587,113.6688439,63.94327384,99.88660605,20.49137763,29.21784851,Yellow,9.45247086
24/12/2024,48.50575604,17.31671701,62.05687262,22.22097909,127.0994804,53.86870686,84.65456698,40.45912937,18.87835895,Green,10.01444794
25/12/2024,39.38685445,24.42731774,61.21386418,29.89058731,127.6511975,62.83008963,81.0766105,36.46896347,20.05818736,Green,11.99865586
26/12/2024,34.70424816,21.49646649,66.15012968,31.42456829,119.3261951,55.19656276,83.79750658,54.66887693,21.03390621,Yellow,8.870183711
27/12/2024,41.08220546,21.07736795,67.74633781,21.79548123,111.5139945,67.72172218,80.77915693,58.31227364,15.76836445,Yellow,8.591334306
28/12/2024,36.45632226,20.12688511,66.43904254,31.50626728,117.7565218,67.91379889,87.83621789,35.2047318,22.44773133,Yellow,8.036083503
29/12/2024,38.64041973,17.30669812,65.30302133,26.74834259,126.0707532,55.94574409,96.04803569,60.58135072,16.84977737,Green,10.27914291
30/12/2024,48.53662022,16.76528032,60.41951223,24.29522246,128.0354806,54.59987508,86.824889,34.69583803,21.0145549,Green,11.90973942
31/12/2024,34.65256595,17.20486209,69.68488778,21.84548283,114.0694548,58.22607944,88.88366814,42.316318,20.26064682,Yellow,9.562086879
01/01/2025,49.0297641,16.86438262,67.98714192,26.50686695,111.3394722,54.8106317,93.51173547,56.35092635,26.59260125,Yellow,9.290629005
02/01/2025,47.63376605,22.79584474,62.92822037,29.73967099,127.5470091,63.44767687,90.1778814,54.64601146,27.04755767,Green,10.88631956
03/01/2025,29.89477837,18.50125259,69.79970329,28.77795125,117.7880988,66.52129369,97.22891372,69.36842362,17.30119324,Yellow,9.200906458
04/01/2025,26.73403252,15.57842677,66.0188159,21.55248613,120.8352193,63.46184262,97.3207135,31.25805121,20.49826781,Green,11.08888844
05/01/2025,27.51945003,24.6910263,65.82422658,21.80192019,129.3613162,66.48700894,80.19821391,53.11589568,20.60029742,Green,10.89293629
06/01/2025,25.45554564,23.83785885,67.48073179,25.43160611,111.3312946,57.93984324,95.56092613,50.48409541,17.27115666,Yellow,8.288384366
07/01/2025,27.36107402,24.27752283,68.11769788,24.24819543,122.9663601,53.12633941,89.214672,65.75492272,26.97680258,Green,11.79093335
08/01/2025,42.07516934,24.94907823,66.56478607,23.55622755,111.4821085,64.75901895,99.77681083,27.81810708,25.60842493,Yellow,9.837788272
09/01/2025,26.77971621,16.73895249,61.28095746,24.09104949,117.5093786,57.2094901,89.66464152,57.58990818,17.85572679,Yellow,8.372416993
10/01/2025,32.97439076,18.96242019,63.38267506,29.83831018,126.0762909,63.4254165,99.73791891,48.41343081,20.50082863,Green,11.64678286
11/01/2025,46.12188277,22.58238476,69.2808364,31.22150859,118.6694447,55.41287884,95.09138722,33.73329349,16.58707537,Yellow,8.831743292
12/01/2025,25.58179839,21.96020618,62.24615612,25.45612964,129.9436471,51.6245927,84.97209769,43.72174571,24.42309896,Green,11.82157838
13/01/2025,45.36171206,16.53895906,63.72167024,30.96722102,121.1811857,69.85163591,90.76789959,36.68882985,16.82057887,Green,10.83274608
14/01/2025,32.04636937,23.15833125,64.32076883,24.53645271,116.4232431,53.12403016,99.84271279,48.96567014,29.78901253,Yellow,9.243350015
15/01/2025,27.95412069,17.24440572,64.3940499,26.24080685,114.4022265,69.76841988,97.15061216,64.45003054,26.71023112,Yellow,9.613121951
16/01/2025,42.41842913,17.23817615,66.12939582,23.48631898,117.0104107,69.54559865,81.94733788,48.46524922,20.85357824,Yellow,8.220130193
17/01/2025,40.72357117,20.36974423,69.43075838,28.04523646,117.4506655,65.87636208,94.12743994,51.58612092,23.67845898,Yellow,9.837282135
18/01/2025,46.93680034,20.92939935,62.40692712,31.76879227,111.3742736,63.18845924,86.91159172,45.93739236,28.67012724,Yellow,9.364999032
19/01/2025,43.3767761,20.80086208,61.21501376,27.63842406,117.391484,61.55614101,80.13964524,22.55827532,23.31148921,Yellow,8.739457593
20/01/2025,45.08702326,15.91486837,61.9747049,24.93595493,119.2847704,67.32203091,88.06961938,31.64292784,17.6174773,Yellow,8.629982351
21/01/2025,32.05086431,23.77460863,68.869249,28.12599191,124.454755,55.78879043,84.69508843,44.60008647,20.68055033,Green,11.05915816
22/01/2025,29.43598859,17.65600043,66.45810813,22.35212746,123.1345897,59.35362425,96.37738541,35.51176419,27.64717298,Green,10.10262371
23/01/2025,43.76536879,16.29514921,62.85906789,30.77524988,124.1753131,62.38779939,86.74661218,29.08817989,24.66319524,Green,10.3338796
24/01/2025,45.17086848,23.8874808,68.15946939,26.53392346,110.1672736,58.22380952,96.55047388,45.2066421,24.76086577,Yellow,8.98962694
25/01/2025,49.76262855,24.55651498,68.61369996,25.94284716,114.353348,58.54972908,80.01195878,36.14048967,28.00232229,Yellow,8.063815308
26/01/2025,35.31544192,23.62127617,68.46514339,27.44451267,123.2336858,56.60569335,86.156383,32.90538216,28.40959586,Green,11.06273357
27/01/2025,34.30045214,23.09516075,69.18926534,27.87262249,119.6797874,61.28463633,84.82330429,43.19927087,28.79688858,Yellow,9.149780937
28/01/2025,44.41032402,21.55241981,62.5224102,21.78953387,110.1062695,67.01149056,84.67134722,26.6642129,16.4227379,Yellow,9.791073784
29/01/2025,33.52008851,20.50857371,67.55041929,28.50878943,126.0898928,54.03056756,81.3637324,66.38728665,23.16189003,Green,11.96747648
30/01/2025,48.26893314,15.8698676,64.60539497,23.66124848,125.4561915,68.68866078,83.74248541,63.3851049,26.10764282,Green,10.29516565
31/01/2025,46.4603188,19.08453213,68.41998553,28.85347896,120.9683833,63.78175307,91.1109914,55.38102929,26.35390268,Green,11.24610312
01/02/2025,35.72485068,18.72688517,67.28490677,30.04788274,111.3292665,66.46546425,85.82722146,25.31069138,24.10074303,Yellow,8.922310107
02/02/2025,43.77177669,17.59753784,67.76447446,29.84354358,125.330301,61.12381385,88.34789565,58.79386272,17.50181003,Green,10.30194852
03/02/2025,43.86357185,22.23420114,66.56161838,27.07751064,121.6742718,65.59033403,87.53733761,60.39786641,26.96130831,Green,10.41329795
04/02/2025,27.57809672,19.95875735,61.77428769,26.72186882,125.6391995,50.32400795,97.5180985,58.38823089,25.80167,Green,11.58081999
05/02/2025,47.56382267,15.81046216,65.45026919,22.57163557,125.0349398,66.3676085,98.10597998,25.69829436,16.29203657,Green,10.7465746
06/02/2025,37.63130931,17.20183202,69.8466974,29.52880765,126.0600414,50.80277718,89.85913943,52.19539785,21.95714737,Green,11.34651369
07/02/2025,45.66143665,21.83258764,69.37388066,23.98550318,120.3601613,67.79826753,86.60311901,61.71623979,17.60966099,Green,10.63056676
08/02/2025,33.00124003,15.76130859,60.43173736,26.46364965,112.8064904,69.83925494,82.13601408,48.86767006,20.06215569,Yellow,9.111520495
09/02/2025,47.38808071,23.51206914,61.64814816,24.12701502,123.4231495,55.88134924,99.06805759,52.32036876,15.27121638,Green,10.28336683
10/02/2025,34.73004197,19.95146527,61.31728773,22.47211199,122.4094757,54.20637113,81.2045389,42.91817397,21.00494803,Green,10.35544782
11/02/2025,25.27094129,19.80586577,67.2597991,27.92513467,124.8450637,65.30726728,85.95300555,46.43536599,23.24815382,Green,11.03342248
12/02/2025,47.63454941,20.92407785,68.1778533,21.59765238,113.3976201,55.06052682,85.96132402,21.71884292,24.29373889,Yellow,8.340807104
13/02/2025,27.28216692,23.24680966,62.13511366,29.23509758,113.899504,67.31124766,86.40802572,51.9481511,24.95235518,Yellow,9.21170239
14/02/2025,32.98284094,18.47809208,65.05852693,24.49345475,127.8081903,52.05685184,83.28573687,24.07236064,27.5443697,Green,10.35697786
15/02/2025,48.75154918,21.78016153,68.40703028,21.00148162,124.999556,52.51910393,95.66322862,41.75072972,18.23194361,Green,11.93693499
16/02/2025,48.76517867,20.65731964,67.32801545,26.62242053,128.1645698,69.5830311,82.44995724,34.63275488,16.80722734,Green,11.46542746
17/02/2025,39.3359472,17.6702827,65.42237205,21.51537099,125.1743064,63.47677797,92.69813318,47.27139751,27.77305758,Green,10.47537964
18/02/2025,40.7959303,23.78629986,65.9034769,24.03786514,121.9431061,66.93774449,82.47692053,26.67081678,17.34919222,Green,10.63411073
19/02/2025,36.21113805,22.97426022,65.08360547,28.77674136,123.0826547,56.48658755,81.41071275,54.5821701,29.62140122,Green,11.52296404
20/02/2025,32.33026929,21.58451835,62.97548451,21.68958584,127.7825585,63.52967499,98.18859007,59.75057685,27.63807344,Green,11.07946288
21/02/2025,33.21661363,23.50581729,65.65021993,30.23272342,121.5761351,61.88483655,83.80257533,28.16772249,22.51314909,Green,11.91415648
22/02/2025,41.8129614,23.67294201,66.88885302,21.04201915,122.6478265,62.0630024,96.42500309,25.21565437,29.72132137,Green,11.62013697
23/02/2025,43.80936324,22.08362977,68.73322916,23.71506256,113.1295343,63.65064919,90.89261742,27.27577414,16.46065094,Yellow,9.273186495
24/02/2025,44.78947609,23.37013328,66.36291354,29.14994462,119.4784244,61.50718346,81.55713039,63.85637809,19.54598642,Yellow,8.516335337
25/02/2025,44.74045357,21.97471462,67.61121537,24.47897165,124.3279422,58.58124739,99.10896383,46.40946309,24.57336623,Green,11.16929821
26/02/2025,27.28015258,21.80140772,61.60071635,22.12081627,115.418854,55.51845389,84.93922334,43.3630498,20.25010303,Yellow,9.264174811
27/02/2025,37.36050762,21.18611378,64.61557474,24.96257311,114.0450836,65.37162662,97.19290691,25.33559096,28.92558828,Yellow,9.176002048
28/02/2025,26.438969,22.5271664,60.0933162,23.97432615,116.2765362,54.5254486,83.37620012,52.47780034,15.98439132,Yellow,9.015683334
01/03/2025,38.73822206,16.58605105,62.46678865,30.26983092,114.8300126,63.84708612,97.07885764,63.39997959,23.24117748,Yellow,9.689537407
02/03/2025,36.03826253,23.80870759,67.26461715,24.44682709,114.2982527,54.66665645,80.26457626,61.40929347,23.86299401,Yellow,8.264211741
03/03/2025,47.19260457,23.71843528,69.91809951,29.67825719,118.4970169,62.5066034,90.23560913,51.30273545,24.79092186,Yellow,9.731437876
04/03/2025,33.77287531,15.29247283,60.991781,30.81059359,128.1567703,64.94156534,95.38885159,23.76393583,18.83499335,Green,10.97569722
05/03/2025,27.92667541,23.25816751,64.01494316,25.77199162,120.1411929,54.37427778,98.69591035,25.61985136,20.46849641,Green,11.23562365
06/03/2025,28.57479205,16.28869867,68.00070969,31.00937458,113.7584076,51.19886602,98.18404272,22.46544936,27.65520794,Yellow,9.105867067
07/03/2025,44.03776579,18.35118854,62.04035635,25.15049859,111.5394334,52.61947486,96.39249739,32.87396082,17.92414153,Yellow,8.068017422
08/03/2025,40.45545158,22.43508256,65.55084949,31.60486258,123.9231229,62.11993935,97.76382699,26.78307336,27.40301771,Green,10.36505092
09/03/2025,27.5280669,16.60759896,67.33071296,21.98218477,117.6559753,66.98892812,83.98439372,33.00240201,23.43983134,Yellow,8.43761929
10/03/2025,27.10267015,23.17967024,66.1598545,28.55721193,126.4366189,50.89993642,85.68368591,39.25290279,26.43281267,Green,10.29225522
11/03/2025,42.52422829,23.32134178,61.88024735,26.43195445,123.1902154,64.68302518,85.7793705,67.1491392,25.70411049,Green,11.50892529
12/03/2025,26.81907516,20.07467734,63.55384569,25.26413686,125.924829,56.82637292,87.54107862,50.51880299,18.11267243,Green,10.79627999
13/03/2025,45.54650148,15.06385872,67.83791784,27.95983067,115.4389208,59.5705674,87.86641341,61.74868928,23.53219105,Yellow,8.872138509
14/03/2025,42.65605568,17.87038133,65.54226514,28.74242801,123.8471784,68.577191,90.89110649,55.51757504,28.01584729,Green,11.35208899
15/03/2025,27.03371952,21.16926918,60.05229614,21.04799597,115.2812397,56.63943009,83.19759527,25.62515653,21.48174355,Yellow,9.855660925
16/03/2025,27.12094285,24.81186178,67.6099076,22.83648398,128.7813696,59.30673868,93.82493328,56.79602032,29.49886155,Green,10.75080496
17/03/2025,49.66598946,21.31813527,60.35311355,28.84350656,122.7274856,50.2736483,83.35133079,33.75494408,21.7832265,Green,11.01054641
18/03/2025,34.35676989,17.59803581,67.45733783,28.33023955,116.490236,51.6319744,86.20616964,51.95539235,17.14178455,Yellow,8.679581098
19/03/2025,34.26605368,21.34005703,62.0248056,31.62652256,115.3902372,55.17183182,90.06690261,37.04809868,20.8415202,Yellow,9.563242898
20/03/2025,45.31998918,20.3998538,69.5807348,29.37141569,113.8185317,50.55704482,95.92881123,69.88361316,29.2755361,Yellow,9.663140589
21/03/2025,48.68121443,22.79845395,63.67940751,31.45849979,123.8928192,62.62750652,94.78938466,33.17757397,19.79581274,Green,10.53168612
22/03/2025,49.6500266,16.06980639,63.26931616,28.72794552,114.3743123,58.52796714,92.91068713,33.95652354,28.0214724,Yellow,9.10940596
23/03/2025,43.83445463,22.61027903,61.4888805,24.2785743,121.9060653,60.96290405,83.11546521,66.53361278,28.21876023,Green,11.54712485
24/03/2025,34.40648964,20.41266579,63.05604215,22.15901414,115.2927005,53.49294372,90.94090691,21.23222023,20.25279786,Yellow,8.991417797
25/03/2025,27.08751792,24.62992004,68.76650762,29.6000625,123.2393789,55.91864059,81.74893004,54.83444939,16.24886487,Green,11.29063995
26/03/2025,44.4286729,18.41872166,69.96334338,28.08564144,126.2987946,63.2764895,87.54726354,56.26631954,25.86836864,Green,11.75250894
27/03/2025,38.96010624,21.32621893,63.68309531,21.53004614,125.5605049,69.30605447,88.27033061,61.81892887,19.67268449,Green,11.4768594
28/03/2025,35.60555023,24.32028106,64.48610631,24.96055512,125.2170266,51.00833547,80.79622879,68.72196553,26.74385421,Green,11.9311877
29/03/2025,47.65885963,16.02509728,67.22070938,31.52479797,113.7544481,67.80768642,85.47976199,68.78009596,21.63982272,Yellow,8.919230547
30/03/2025,27.77993706,24.37228487,68.8619578,26.5044126,111.7676989,61.53762403,99.11298935,23.26383788,22.27900114,Yellow,8.205154017
31/03/2025,37.31562761,21.87885722,65.93044334,25.7600205,123.9789766,61.27839134,99.07265216,61.09196614,26.6686411,Green,11.45914698
01/04/2025,25.28384112,15.67837059,63.91525698,26.03469566,117.3669443,60.0055707,87.04654109,52.31549668,20.73544997,Yellow,9.89008374
02/04/2025,36.71651605,18.00963567,64.12621841,23.29770996,118.6469245,51.38788172,80.86200218,52.36710672,21.64691018,Yellow,9.638569289
03/04/2025,26.40758189,22.08172089,66.95618146,25.05577888,110.6229819,51.79753703,83.58189879,26.41749633,20.64285703,Yellow,8.281562732
04/04/2025,27.97044791,15.67350601,60.03218264,25.06794582,115.191529,62.01824011,87.84435587,52.50935832,20.51010773,Yellow,8.070339895
05/04/2025,27.93815617,20.8217046,66.19589337,21.57590522,110.6735281,56.81917143,98.95559396,69.12412903,22.88919865,Yellow,9.636256974
06/04/2025,41.23025755,18.45883057,63.5549301,29.44324391,127.5837155,68.34536133,82.82398127,65.59092848,27.13199167,Green,11.05399077
07/04/2025,43.65112198,21.20915518,67.94197331,25.58154875,114.8679337,58.13181075,95.27031687,41.95653304,20.42652468,Yellow,8.804202135
08/04/2025,39.58421913,15.45742034,60.9299064,30.04397875,121.1467434,52.86562917,82.17365079,21.99739866,22.86382081,Green,10.55927122
09/04/2025,49.05431371,23.71536806,65.88202267,30.35382801,110.7795864,64.29437667,99.62515155,38.1146745,25.06090988,Yellow,8.894826088
10/04/2025,34.37176449,24.73488969,64.8097289,23.3319346,123.3369478,55.86706843,87.63232998,61.31951558,19.04159169,Green,10.1425695
11/04/2025,32.14280216,24.68877855,66.42325526,28.2308883,116.4605469,60.50940615,95.50469078,55.07495507,19.16284207,Yellow,9.08361035
12/04/2025,46.7149782,22.49651832,60.64853594,26.19509985,127.9583837,63.95665571,86.85182166,42.96718278,29.00119691,Green,10.46518911
13/04/2025,30.58989596,16.3008624,65.79983787,30.68172412,127.7623638,68.00528222,92.55337754,22.75507676,25.8530186,Green,10.86526437
14/04/2025,49.08056349,22.58263196,65.61484588,23.37314747,116.5058124,65.8438239,83.84032169,41.34473639,23.65780014,Yellow,9.307204547
15/04/2025,25.30386187,15.24586916,65.60660094,28.4559452,128.0192179,63.52722136,82.92042039,43.45124699,24.71580082,Green,11.07024185
16/04/2025,49.24697067,15.22123552,66.03487667,27.68527334,129.9231535,63.59266365,98.76128279,66.42777664,15.43949165,Green,11.48553784
17/04/2025,26.0789978,18.23610219,66.76467937,24.24831625,126.5083133,68.91849288,98.35294556,52.05430518,24.27154448,Green,10.98743684
18/04/2025,47.27857784,19.8864319,68.04989,22.50260994,126.897427,55.91648195,97.7493788,35.58264583,22.6426331,Green,10.96667061
19/04/2025,38.19252773,22.70407418,62.6982072,28.16803737,114.9801747,50.02224188,92.508669,46.26591322,23.1862452,Yellow,9.077765219
20/04/2025,49.8241199,21.83295377,68.2504941,29.12457204,121.534048,55.43909119,96.16536422,23.30276539,20.3913574,Green,11.68894919
21/04/2025,26.84491412,19.45902706,64.98255682,24.47190078,111.3451183,54.35782759,81.38073874,68.62841178,16.22210847,Yellow,8.330637305
22/04/2025,38.84635711,17.73626666,60.77058279,28.09315864,111.8983587,63.2366917,86.69578084,38.0029951,17.9000885,Yellow,9.989042514
23/04/2025,49.23256339,24.971245,60.58550929,25.34643998,129.9778522,62.674232,86.2740625,43.89336775,29.2611707,Green,10.46439633
24/04/2025,38.0774461,19.26181302,63.34238319,28.84527572,116.532785,61.86922765,92.71290644,37.76419871,21.13049343,Yellow,8.904466272
25/04/2025,40.73496595,19.51387024,67.84896977,23.19136802,124.9636782,50.32486886,87.11915547,54.12558651,22.00024734,Green,10.5833442
26/04/2025,42.39371722,16.63623821,67.07680935,30.79236503,126.1333011,64.57556109,82.97013563,53.11160792,15.79064685,Green,11.57615746
27/04/2025,36.36352662,22.94809549,67.88614965,24.16150556,127.1604654,56.47060825,91.92934151,55.76611553,15.56349344,Green,10.39915657
28/04/2025,40.688952,21.93682226,65.17269056,25.04564587,129.9525659,63.30111978,96.28767841,33.40716148,25.75772171,Green,11.79163369
29/04/2025,39.6078578,17.20769613,64.40198998,21.63901147,114.8299297,61.13156857,87.64246989,35.78342406,23.07141996,Yellow,9.507766727
30/04/2025,47.52895026,15.82381046,61.47452527,22.22663434,110.8070165,56.85461851,82.6453743,26.26256155,22.63058976,Yellow,8.6390489
01/05/2025,26.13615951,21.80499302,63.28192754,26.67448093,118.2238304,52.69152534,83.93376395,52.77549859,18.64686796,Yellow,9.427377804
02/05/2025,32.02407974,21.54511214,64.34019366,23.94351944,112.6016134,51.88837795,84.7496661,21.98985637,26.17126097,Yellow,9.788987058
03/05/2025,48.7602871,17.73259527,60.8860043,30.19028248,110.4485178,66.63036666,85.99795186,49.88411678,17.52354869,Yellow,9.244430359
04/05/2025,47.2565946,24.50863562,62.20611953,21.16162728,117.2085365,68.36795084,92.85590141,63.48479424,17.84902115,Yellow,9.332103686
05/05/2025,36.39141882,16.51057892,65.98225294,25.17003454,125.674765,62.99576094,92.01890969,64.54160741,21.91068257,Green,10.02003109
06/05/2025,40.50331495,19.32334801,67.35663114,24.71080101,121.3236138,52.0686823,93.92159723,42.45188802,19.29419793,Green,11.22738599
07/05/2025,31.93452957,24.4361592,69.98347511,21.21260394,116.2555598,58.04054434,87.25003969,42.96518441,18.71194472,Yellow,8.376008254
08/05/2025,29.70302899,19.19727317,69.33113331,22.36805239,123.0868401,64.578784,96.47995304,23.84845915,24.67856467,Green,10.81853784
09/05/2025,36.59246012,21.38525948,66.425652,25.55006942,114.6403636,65.59641768,84.08175322,53.53825127,24.76457618,Yellow,8.396643869
10/05/2025,33.8338057,18.97594398,64.21248053,26.42151043,110.2876289,52.36437245,89.38081495,61.06297102,27.36775605,Yellow,8.142769935
11/05/2025,39.5914028,17.74215202,66.36177365,25.44718722,125.2870677,50.00061438,96.01877443,32.23275273,21.2656285,Green,10.19218767
12/05/2025,26.94336592,24.83977648,67.85651618,26.84031446,122.4748617,64.24274092,83.60317295,41.06504408,16.09627637,Green,11.12826488
13/05/2025,49.35987019,19.09334006,61.18336191,27.54644842,125.2460525,57.13192352,82.19726227,61.94196684,19.10499577,Green,10.11047378
14/05/2025,49.65526861,23.94099204,64.0990489,21.10916203,110.7787603,55.08962663,97.67367935,63.85602338,29.70008195,Yellow,9.694313234
15/05/2025,42.45404285,17.29954606,68.39802286,26.10504675,126.7423926,50.2579494,86.85859326,32.15899901,23.94387863,Green,10.64374447
16/05/2025,38.40240916,17.13104704,63.83832952,31.59849165,122.390524,60.80598814,93.6774025,47.52853173,25.64605627,Green,10.2466199
17/05/2025,32.73819041,15.31134083,65.71872271,26.70935508,121.267907,67.02301471,80.50697209,29.62465753,15.11036744,Green,11.27079845
18/05/2025,45.34487549,21.51666825,65.87769361,28.45296494,122.492281,69.15263293,93.80093777,25.09393821,22.77308598,Green,10.90136711
19/05/2025,42.11827931,18.68526344,61.84476253,24.43050244,127.2886649,61.31489901,86.32202623,65.55602507,15.56292986,Green,11.53347361
20/05/2025,29.06542348,23.6435825,63.62235442,29.51390516,121.7387301,60.28922655,81.11481707,61.02537521,23.53845318,Green,11.16406619
21/05/2025,47.77317961,19.73209907,63.34511289,29.5021363,121.6190076,51.70112771,92.19625523,58.00174509,28.81156274,Green,10.64701392
22/05/2025,45.56343107,24.68193428,60.26196709,26.73425652,129.8135831,60.97745603,84.81607632,22.43831594,29.52628696,Green,10.34883768
23/05/2025,48.74499783,16.85525516,60.24191764,31.73615206,125.1346033,57.59958158,87.73614484,62.18643964,23.10829013,Green,10.06347939
24/05/2025,43.14298771,23.68623168,68.31697044,22.38105236,118.8458761,62.14270562,81.61161625,41.9022038,21.87307208,Yellow,9.9312381
25/05/2025,40.3353799,22.76596853,62.7307081,21.18642431,124.14794,57.77452696,82.94326502,37.11975616,29.17525641,Green,10.18821493
26/05/2025,35.45607591,22.70921845,65.18078766,29.47174033,117.7846094,54.80598247,85.95954471,47.32381805,25.10414748,Yellow,8.413913319
27/05/2025,48.31821208,23.44783228,62.98725574,29.87871091,114.5775092,51.8993055,81.79519001,24.56766214,15.97348919,Yellow,8.92580502
28/05/2025,46.65159724,22.61023991,69.40679245,22.32227952,121.9370375,56.29836889,98.21652529,57.83232747,21.98588367,Green,11.10400208
29/05/2025,26.13046675,21.26220322,62.59296759,23.92141116,128.563642,51.93289669,80.12094086,49.12175384,18.60367528,Green,11.14012946
30/05/2025,25.65917436,16.31244878,64.29656813,21.193076,128.5827904,53.53793902,89.67720438,29.32950484,22.04706482,Green,11.57173666
31/05/2025,34.41158417,15.32526179,68.7273025,24.22639472,116.8381056,69.74672317,82.46494916,29.41160999,21.83198358,Yellow,8.312914945
01/06/2025,45.26383327,24.20847848,68.41933567,29.50456061,120.5535493,58.88207114,86.15358179,29.21243258,23.73217204,Green,11.92069639
02/06/2025,49.68190323,21.16650315,61.86101418,26.6975658,114.232718,60.63743533,98.5211912,22.85011938,20.35155736,Yellow,8.750751944
03/06/2025,28.76042228,22.96537291,68.0264331,24.82905152,129.9126222,67.47237057,83.23389107,49.38992247,17.46405674,Green,11.63572844
04/06/2025,39.85326788,19.81522352,64.58186887,25.08913224,129.6223582,69.91137801,99.31664639,62.01740888,22.55579152,Green,11.42016591
05/06/2025,34.52227142,16.17308189,64.82968872,21.01488988,122.9901786,61.65428899,84.11588754,20.8749107,27.45304327,Green,10.3563824
06/06/2025,49.24785995,16.25185792,61.33479972,24.2978058,126.0882812,66.24947642,94.83132217,22.45023225,24.96018342,Green,10.96637425
07/06/2025,46.05297308,21.85565287,60.80601514,28.11104616,124.3020032,56.53882049,90.9335453,48.63851383,20.07551799,Green,11.93808618
08/06/2025,45.95821762,19.30305895,67.27939307,31.71613888,121.8631644,56.11487915,97.68957455,60.97478427,29.03284534,Green,11.9307818
09/06/2025,36.71732899,17.00524727,64.96461152,30.3176691,111.0669599,58.05407442,91.07986511,36.33694453,28.68311357,Yellow,9.197881504
10/06/2025,35.37048756,19.91594547,64.36850703,21.25954461,119.0952869,63.45014525,90.69118438,37.48071994,18.14022599,Yellow,9.898011335
11/06/2025,31.8351768,15.64208937,67.29508229,30.88416665,123.495726,63.64383379,83.90916001,49.81732487,15.59126378,Green,10.22758683
12/06/2025,26.40938742,20.81971402,67.65512899,29.61518255,123.5506323,56.30478869,83.32458724,33.71064446,26.11963063,Green,10.99435625
13/06/2025,46.61805941,17.68993404,61.58908168,29.58413736,117.4624524,52.66419848,98.32978302,21.3304183,27.41415392,Yellow,8.142826418
14/06/2025,45.32252523,22.97559101,66.10225149,26.03795335,128.8338397,62.64792513,86.55676398,56.76142591,29.51796849,Green,11.96139201
15/06/2025,49.99294183,18.10361959,61.35354082,25.37805822,113.3471406,52.56651724,87.4416451,51.28249565,28.34754591,Yellow,8.888027462
16/06/2025,49.91592093,19.55220149,67.51375086,24.33207302,120.0071889,61.56985016,95.19647317,49.03779995,24.00802152,Green,11.90447818
17/06/2025,38.88579264,15.1162054,66.56955156,21.72264345,123.8176795,63.86844256,86.77646965,57.08420645,22.95078509,Green,11.3382159
18/06/2025,44.22468538,15.72446888,69.56614621,23.510589,123.9427161,64.01222993,99.04124893,53.76154188,15.41761577,Green,11.9291737
19/06/2025,48.61914325,18.92493556,60.68958016,23.71263998,122.9727791,65.06944221,94.75855538,30.29409941,18.6998467,Green,11.02917076
20/06/2025,46.24118477,19.79938835,60.57054721,26.32484777,115.5057643,67.45718843,91.94858485,37.62405235,21.89422128,Yellow,9.669356258
21/06/2025,31.18370254,21.00020548,62.82187075,29.22188847,113.1241314,59.99917984,97.61790321,26.30550708,24.4275585,Yellow,9.92508751
22/06/2025,36.26360338,17.91662579,62.61705684,26.21190811,122.7188065,64.60498379,80.99211817,26.49285067,23.3587775,Green,10.49555477
23/06/2025,28.22898538,21.94981886,62.46978799,21.63628894,121.9860423,62.38345471,85.14125384,53.80978732,26.13953985,Green,10.98027534
24/06/2025,48.85127568,23.60122397,69.06254581,31.53568781,113.5871202,53.7327988,89.30072668,62.93000535,19.19650396,Yellow,8.293483643
25/06/2025,40.15436586,22.79850989,62.495462,31.36996751,124.1027829,50.5137929,84.53957079,68.13662919,23.47428911,Green,11.49793208
26/06/2025,30.71607014,15.39618825,62.71949726,29.63708497,119.1034398,55.69082771,94.87810375,51.41735588,16.32213365,Yellow,9.674788798
27/06/2025,41.79251711,19.80506947,67.59398262,31.90460692,123.3552118,58.86067413,98.38416062,29.20506617,21.20498285,Green,10.29845454
28/06/2025,40.45320601,16.04930178,64.49739842,26.98930566,126.7473416,62.34211889,88.4754024,25.28251727,26.25241249,Green,10.84659219
29/06/2025,33.95406795,17.42045016,67.76710557,31.59045185,113.3945686,66.99918661,86.842652,60.64254858,25.4010128,Yellow,9.197557487
30/06/2025,27.8389398,24.86662593,60.65366158,21.83165545,110.3828974,53.92491433,99.23101464,48.93782382,29.85964106,Yellow,9.505190444
01/07/2025,41.78932989,16.42495543,64.87571194,25.02248823,125.5820517,52.5109958,88.89704866,50.91425105,19.16836689,Green,10.55554733
02/07/2025,38.00769252,19.98888153,60.336136,23.47919395,122.1939485,69.26959895,89.78096801,59.07310444,22.47283949,Green,11.75050301
03/07/2025,44.30795979,21.18155734,60.62653203,23.15416393,123.9927914,52.16089119,87.03299745,55.16386139,19.94295621,Green,11.10521029
04/07/2025,38.00408753,22.02464971,69.06437453,22.54883244,126.7630995,59.5698214,98.19096946,61.72291264,21.60904671,Green,11.40001014
05/07/2025,46.30453751,20.59648683,61.39245371,27.84655006,126.0562187,61.71127458,91.37910967,22.81069527,27.85425195,Green,10.92247279
06/07/2025,38.79767097,15.09770847,65.32420682,29.59454041,129.2184029,60.82748842,95.24349174,57.37603184,25.26313613,Green,10.81518211
07/07/2025,39.02344929,18.26461308,64.11095603,27.36128239,120.7187016,51.72064314,96.23613437,62.54263787,28.23661787,Green,10.1165668
08/07/2025,46.91634007,20.17711643,63.47343326,22.61658981,119.7699127,51.14053828,86.83698084,34.30675212,18.05266662,Yellow,9.284050148
09/07/2025,35.08707166,15.87866499,68.99833346,29.92236147,118.037744,52.10966855,88.67388663,52.0223637,28.10041677,Yellow,8.264770908
10/07/2025,28.35038071,18.50626931,60.21823397,27.99550178,113.0738209,61.71175368,96.96943549,35.70810319,15.89643411,Yellow,8.288677234
11/07/2025,25.71956691,15.33203109,66.63789686,25.26982277,121.4521447,60.88689775,87.26510703,67.89855332,28.32898921,Green,11.04716325
12/07/2025,43.87843139,15.78578497,69.63394434,28.41543325,115.5402505,54.67481584,95.87870267,21.67117862,19.93610669,Yellow,9.180886765
13/07/2025,40.50773878,18.96923276,65.60168183,23.85895477,128.4261502,62.75548284,98.81984645,48.98964219,19.7188145,Green,11.87524384
14/07/2025,42.6019942,16.32715754,69.36822462,24.79711429,121.6638161,66.40135004,92.46420746,28.32517735,22.68132865,Green,11.3157573
15/07/2025,30.32410404,20.67540848,60.52257879,31.09234427,121.8568036,50.8315792,94.83254575,55.61101026,29.11035282,Green,10.1451245
16/07/2025,28.40928689,21.89464969,64.18793319,24.19554956,117.0984932,59.96259887,96.10194624,28.79451417,15.71672047,Yellow,8.021563641
17/07/2025,25.36361664,23.00586699,62.60157791,26.16987095,111.039787,63.78620824,96.90079298,31.76916309,20.28346463,Yellow,9.770601547
18/07/2025,33.76468897,17.00150244,67.30820965,30.79155251,110.6348753,55.04623854,87.90106676,44.71854055,27.84857983,Yellow,9.199248177
19/07/2025,39.74794217,16.67482582,69.8129709,28.78493485,118.4667029,56.15541811,81.02526918,65.7417475,20.94081716,Yellow,8.67877062
20/07/2025,34.80610113,16.0456784,62.56530062,21.68423549,111.6913076,62.27275806,88.03752542,30.58571861,17.98735346,Yellow,9.094196174
21/07/2025,35.93687305,21.3643025,66.54174601,22.62033349,122.1369391,67.95870587,93.4751246,27.21200106,21.37191272,Green,11.2433633
22/07/2025,47.60396736,22.06475726,61.98097633,21.0862575,127.6194601,66.19848841,89.00700772,57.94884159,20.78328752,Green,11.89385869
23/07/2025,33.70638668,15.31586145,65.65330255,27.94013969,127.6582963,61.66260438,94.97926302,45.03097662,28.73124302,Green,11.77227393
24/07/2025,37.84973723,24.36212246,64.63932487,25.92440768,123.1809082,64.60443436,87.13964859,65.58925562,26.42901564,Green,11.6206922
25/07/2025,44.59132532,15.51971284,69.7200533,22.47702336,114.2246366,57.2964494,92.69488282,27.33072786,22.57673334,Yellow,8.704744254
26/07/2025,34.91356956,20.41296335,66.08527273,31.53727533,127.2599366,62.81931056,83.7283961,52.29639465,29.8255585,Green,10.03771614
27/07/2025,40.55216751,22.09060519,63.49506372,26.82625696,127.7218687,59.32363182,94.98738873,31.64395731,21.97916297,Green,11.59114255
28/07/2025,46.55909272,23.70969124,61.14095785,23.66082624,113.9330717,53.79872273,90.91391938,27.83802143,15.87356746,Yellow,8.582212775
29/07/2025,48.73801559,22.14086932,61.51246829,26.50663928,124.7485217,64.03476548,84.08128777,54.17147076,18.93411483,Green,11.31349082
30/07/2025,28.67683702,23.01728083,62.2531693,28.47582366,115.730391,61.12929275,85.83822347,49.684231,21.5410572,Yellow,8.395855085
31/07/2025,48.16469063,18.39450193,62.50966661,21.8386314,126.0528062,57.17243164,94.97217417,57.74137292,17.35353936,Green,11.30407157
01/08/2025,37.30290733,23.14825114,68.50616058,24.02174197,129.944758,68.2267838,89.65202471,35.47312882,29.21347689,Green,10.06111736
02/08/2025,31.45610971,15.80114846,65.61222788,29.8766204,110.6005201,50.41868236,84.32062881,42.39858282,26.50273347,Yellow,9.172267712
03/08/2025,36.47839391,23.94816656,65.23390911,26.05631357,127.9473173,56.31546302,99.34542381,40.27358382,19.02430801,Green,10.78455138
04/08/2025,49.50081438,20.47592376,61.14768872,27.01234856,122.4526107,51.13762796,94.3025004,69.2044732,23.862068,Green,10.76962087
05/08/2025,37.31545235,23.1729777,68.60139693,25.76097602,129.4676524,65.33054632,99.14269665,34.61244784,25.82173736,Green,11.74735165
06/08/2025,33.21879026,19.52318285,67.22814303,21.48289937,119.3001904,64.04214908,88.54210091,34.74086192,29.11918393,Yellow,8.979298648
07/08/2025,40.83502136,21.43577695,60.67668362,22.82324758,126.9477586,56.62704437,89.50200681,37.72741044,28.22453024,Green,10.53379686
08/08/2025,31.00364047,20.26402661,67.07835097,25.90095803,111.2478814,63.51325804,97.95910432,48.22970406,22.72788339,Yellow,9.750358779
09/08/2025,26.8965832,22.31589522,65.43538217,23.30104012,116.705581,57.91874452,90.5009868,32.61613721,26.6197893,Yellow,9.36742568
10/08/2025,28.22199305,15.81629982,60.81725346,21.54976932,111.3403308,65.12507583,94.14557824,65.76449702,23.43217131,Yellow,8.964670953
11/08/2025,28.20114597,15.60352084,64.58300642,30.2801463,129.5068627,59.08367325,85.04345755,33.28427824,23.29055835,Green,11.48379908
12/08/2025,28.79756734,17.47103234,64.84696287,31.79311782,126.3394781,58.24559456,88.93452937,64.79078658,16.72112938,Green,10.49883328
13/08/2025,28.47067932,16.5954468,61.6577454,29.72457161,127.0509484,68.69459831,82.46899732,25.17375318,16.89206487,Green,10.61486941
14/08/2025,41.02186862,23.71783567,69.45698147,30.39163414,128.7593046,55.017582,84.11960072,52.82813512,22.94300423,Green,10.53862978
15/08/2025,29.54700211,17.19213987,68.49975371,23.66174843,111.7020697,52.4089468,80.01886831,65.34927592,19.03292317,Yellow,8.209717949
16/08/2025,33.64168208,24.75865256,66.69022337,31.56689673,117.7119519,61.69086227,80.78530103,28.43747192,15.31555354,Yellow,8.060984295
17/08/2025,47.41971025,18.36895792,64.62295561,23.16618275,111.4206978,69.38643625,99.54567646,68.416348,25.84258806,Yellow,8.164208446
18/08/2025,36.84904101,16.82117916,64.11765542,31.46572791,114.215862,57.55678427,84.8470739,42.64416802,15.48729895,Yellow,8.934756571
19/08/2025,41.68894346,22.89698507,66.50973467,31.94301223,114.5873155,51.24073527,93.26621419,67.28575542,23.92915262,Yellow,8.858620927
20/08/2025,29.30799678,21.58707776,65.45431869,28.82895086,119.3821442,56.78610535,96.78199398,53.84100218,23.08790691,Yellow,8.815947035
21/08/2025,29.80722547,19.98195716,60.62273106,31.79258105,115.3712433,60.11863309,91.01320918,35.07934349,29.53222036,Yellow,9.372821193
22/08/2025,26.02171541,20.55363551,65.12502649,27.26493758,112.0195621,53.23846013,83.06289,29.41512625,22.26319709,Yellow,9.849506567
23/08/2025,29.22337658,22.19201778,68.06403617,23.85495961,113.3498218,63.16204436,94.56232875,35.18675231,15.95402155,Yellow,8.516596381
24/08/2025,31.96475848,17.28454741,64.59239878,25.80695474,112.9455113,69.95498778,92.0050282,24.65087046,23.27531952,Yellow,9.150342907
25/08/2025,29.42526211,24.96333916,60.51956578,27.52917029,129.461536,59.03478952,94.62501179,27.19339832,27.61644256,Green,10.69496733
26/08/2025,27.21756334,24.74793162,67.86278199,21.80389718,125.1858501,57.09457113,95.39493246,25.23302202,29.95273926,Green,11.58106345
27/08/2025,28.01589678,21.50325686,62.01363782,27.84577591,129.3552293,58.01408334,99.50820735,41.14717719,21.45514761,Green,10.87671706
28/08/2025,36.5194692,16.99542451,62.58620835,31.7929562,118.7948097,52.30292357,91.4712656,59.77891881,19.80448114,Yellow,9.708778685
29/08/2025,30.15834296,21.80228242,61.64706353,23.09118415,115.5673696,67.66547203,86.83282225,27.06917771,28.59979945,Yellow,8.244558547
30/08/2025,34.10674653,15.72198409,63.30215065,29.71854628,125.9658639,58.29651311,92.96929114,26.51602166,17.86863194,Green,10.78739348
31/08/2025,37.58543177,15.30652502,67.56751506,30.98688673,116.5250784,57.74548823,81.36881418,52.17144748,24.23143373,Yellow,8.583326076
01/09/2025,42.25987072,17.57682889,65.1938586,31.38071752,115.9876675,63.19380546,97.94794637,29.8591491,21.08571636,Yellow,8.863563349
02/09/2025,25.9828035,19.62622957,62.04881274,31.56149165,114.6501198,58.84066842,82.38762023,24.88050191,15.61623547,Yellow,9.041698851
03/09/2025,44.98525997,23.68272505,68.77830078,26.73605603,112.5935796,62.96466938,86.55685676,28.34242891,20.20932711,Yellow,9.303878556
04/09/2025,40.69750974,22.2716907,68.79581855,31.75038699,115.1292612,51.2289258,96.31490761,66.18656979,18.97842784,Yellow,8.006569935
05/09/2025,27.0439758,22.42706521,68.70578425,29.33041228,117.106395,66.27446687,91.94624757,61.07356264,25.29136731,Yellow,9.957122435
06/09/2025,46.8394656,19.25493334,62.38796211,22.7783858,123.4798842,68.81007906,87.87271041,37.70322812,29.23185747,Green,11.22950679
07/09/2025,48.02181001,18.45934993,64.51239344,26.24590117,111.2512968,62.97530772,89.46871319,52.79103837,19.02070781,Yellow,9.572361517
08/09/2025,26.526949,18.71038763,69.84989656,28.90164293,114.2101388,69.09131858,97.09094786,46.86378368,27.17198909,Yellow,9.138901576
09/09/2025,31.9219412,24.87649564,67.72012476,23.72074347,126.1804728,53.02864629,86.80008772,53.85621317,15.83039725,Green,10.84921119
10/09/2025,45.15503199,15.40109191,60.27167421,28.04676702,112.9384385,59.54832379,97.3929937,54.13355762,23.07181515,Yellow,8.772347255
11/09/2025,43.70649226,23.67031496,60.65204591,28.33260527,116.8529029,62.03613468,81.76268862,51.43670075,16.05825096,Yellow,9.27310295
12/09/2025,29.61302548,20.78675409,64.63931377,22.78969718,127.2931784,61.63473295,95.53596874,33.30506843,29.01049487,Green,11.67617554
13/09/2025,30.23373308,19.38615419,69.09220206,27.21593844,113.0985062,58.02923558,96.95095266,21.95032104,26.49526921,Yellow,9.660954817
14/09/2025,34.26180257,22.2525766,65.38701798,29.48789602,111.6547367,56.76168819,83.63635306,42.7783391,24.86924867,Yellow,8.797093163
15/09/2025,37.11307463,19.86668941,64.97812508,26.48785231,119.6907599,52.53648045,88.60693065,64.54869423,27.35844572,Yellow,9.95566992
16/09/2025,40.45636929,23.73423238,61.054737,21.13313428,116.0483902,57.83484901,83.30999549,48.47486293,24.71279693,Yellow,8.275964484
17/09/2025,34.22284099,24.00701864,66.56780105,21.09942316,121.2681673,53.2532163,94.13208258,61.61955209,29.53416596,Green,11.22035679
18/09/2025,36.5633679,19.21720927,68.22103161,24.92732278,126.0760978,64.68731353,90.70695536,69.58121715,25.70936922,Green,11.26970696
19/09/2025,43.68677345,17.76827797,63.80420008,31.18813475,112.7429698,54.17661871,92.70646693,28.18081021,28.86987914,Yellow,9.359629514
20/09/2025,25.91708007,20.92350329,67.75611851,23.51544458,121.6139817,51.17130611,83.92973934,54.58888196,22.75697838,Green,10.26844218
21/09/2025,31.31092361,24.12363346,69.64476654,27.97800058,120.1101752,61.04732276,84.23491724,53.71467869,16.75596619,Green,10.71063159
22/09/2025,42.83373965,17.10662189,62.03766459,23.44283458,112.8815757,61.90459465,80.82994651,68.99777237,22.92266582,Yellow,9.040348814
23/09/2025,47.38017094,21.22966584,65.23329631,24.53836989,122.4799697,67.43826123,86.4413507,69.2800367,16.90309242,Green,10.21547013
24/09/2025,37.79193605,21.3156022,62.87137958,30.32846299,115.4728084,61.53963225,91.19489323,54.33393059,23.88740219,Yellow,9.349188218
25/09/2025,38.30283713,22.33113022,67.92854419,29.01747586,119.7566864,56.90961707,97.15869828,32.1807396,22.23739591,Yellow,9.825529238
26/09/2025,27.67930028,16.31567685,65.77593366,22.04939205,111.6454465,66.06023763,93.33854895,59.92779191,24.33863097,Yellow,8.233660643
27/09/2025,36.18530917,22.15824965,66.34582418,25.71572223,119.1916811,60.80557786,88.70792647,25.35145671,15.15070472,Yellow,9.175070208
28/09/2025,38.31543166,24.09032521,67.9791416,21.3208674,116.1292694,51.58560569,99.06240229,59.03496521,17.92260737,Yellow,8.970526791
29/09/2025,31.06176259,16.79683109,63.95970473,26.28979161,126.4476242,61.31701121,94.38490401,65.50980621,22.36995648,Green,11.47441537
30/09/2025,31.73108077,17.37543325,69.15090068,28.28677413,111.1395745,68.16037091,98.60330406,39.14166974,29.25755342,Yellow,9.149317713
01/10/2025,34.43210408,24.71395094,65.33028867,22.30352886,118.3721455,57.92625251,90.55175947,51.53176475,20.75413561,Yellow,9.883210047
02/10/2025,25.50177994,16.80976953,61.57954823,24.17773433,119.1686285,55.92651604,85.1780855,41.5071366,21.36558039,Yellow,9.136481047
03/10/2025,33.05197914,23.54385093,66.95899118,25.37620288,124.5001215,52.86938914,81.05653373,41.88825275,25.72044134,Green,10.99209621
04/10/2025,30.28620017,19.92277856,67.9326135,31.11484127,121.4857515,53.02891044,94.52169703,35.51854446,24.05689136,Green,10.77758969
05/10/2025,33.1874338,17.47231074,63.16761677,31.92580517,123.3442467,58.65542969,82.42605996,58.10648102,19.48389225,Green,11.27176782
06/10/2025,27.9940533,23.70749901,68.57179257,21.49402429,125.5409857,61.91359648,86.05550257,66.80882821,21.16224593,Green,10.73200517
07/10/2025,47.26318202,19.45305255,69.06143255,29.37108716,127.2440595,51.6123081,90.64941816,67.03754296,18.26549698,Green,10.87227834
08/10/2025,39.83981134,20.14817354,62.76904487,25.08896473,116.2775099,68.79137178,91.28833176,28.73906424,29.49032189,Yellow,9.330981769
09/10/2025,41.97755798,18.59233369,69.83521473,25.31704005,120.7604541,65.10267235,92.01166394,63.73718248,16.95951572,Green,11.87902643
10/10/2025,44.72928097,20.92950851,61.40711528,29.29691471,126.8021616,61.73247837,83.32510661,56.87157207,20.57755177,Green,10.26278745
11/10/2025,37.46105497,16.63523873,62.02015668,31.10269075,129.7890226,66.56877342,87.5947481,32.64187003,15.38758458,Green,11.10137181
12/10/2025,27.1730072,18.91081537,61.84224839,31.46021454,127.7903862,51.60373514,92.34388454,23.36423065,18.32669238,Green,10.67416523
13/10/2025,38.42766355,24.69412322,68.9398971,27.34834845,117.4293453,59.53677755,99.39637729,33.39986334,26.70706708,Yellow,9.520099116
14/10/2025,39.67102795,17.58133433,66.54292552,24.92833275,113.9033303,62.60186254,94.55262275,65.61041184,18.01762848,Yellow,8.433450126
15/10/2025,43.63598685,21.56736665,61.52104283,29.66303994,119.7878507,66.57305812,98.45207514,51.65893374,16.20095104,Yellow,9.126833161
16/10/2025,35.79148866,18.25190064,64.40323418,23.76101522,124.832829,65.6693912,95.24424117,56.05273304,22.1167977,Green,11.88883678
17/10/2025,28.18950757,22.73473126,66.15298025,27.20481432,119.8513814,55.54138499,91.83433938,32.85761756,15.14953852,Yellow,8.417295487
18/10/2025,32.09439764,16.30873661,60.83464085,24.94436308,119.6636173,68.81760339,83.84046738,55.96940778,16.27149232,Yellow,9.016093331
19/10/2025,34.07705741,24.69821045,68.82416368,28.22294181,126.7646084,52.48691683,93.33371304,21.40607531,27.11438804,Green,11.72953524
20/10/2025,41.14793103,19.53789541,68.03603535,23.64438804,117.2280756,67.50267237,92.46759132,38.76606729,26.57210017,Yellow,9.728477937
21/10/2025,39.26945762,17.36050463,65.05206774,23.1075224,127.1958935,69.41880499,92.04938341,51.33766743,28.72708231,Green,11.10300164
22/10/2025,33.90241815,15.73496747,69.67126615,31.10062995,118.136096,53.54307046,89.79571736,27.30482828,27.81773154,Yellow,9.324303864
23/10/2025,49.66288122,16.69757905,64.17760979,22.11984051,116.5646621,64.44132128,90.57313208,61.15017872,25.24763345,Yellow,9.429146611
24/10/2025,40.14437048,20.19773949,69.84110319,26.56553699,119.0797982,50.80571038,86.68885054,31.75156494,15.78499286,Yellow,8.087827193
25/10/2025,30.93066979,18.37003176,66.67919999,23.42938061,125.2489392,58.1084565,90.38625385,52.61405564,26.74272927,Green,11.51743148
26/10/2025,27.54456182,23.28883366,66.34671273,21.4282296,112.5200406,60.32566598,83.95111811,40.25985713,27.68266216,Yellow,9.834410549
27/10/2025,28.82147848,19.30887524,61.65954895,21.396207,113.9283843,61.61290452,96.10348795,49.80217977,26.98623219,Yellow,8.060161866
28/10/2025,31.14894321,17.48714273,68.81927758,22.92743949,129.0288965,68.71874496,83.71553909,25.37252763,22.62718553,Green,11.25873451
29/10/2025,29.01703433,21.17144987,64.27489688,30.5344739,113.5098325,63.44501375,81.6993258,20.84564,18.49352758,Yellow,8.298255744
30/10/2025,29.6641756,22.06777217,61.62233406,24.10726618,121.3545464,59.62555902,88.72492053,65.47822137,27.67994964,Green,10.93373002
31/10/2025,32.12737922,16.67041908,60.1260752,31.45505088,121.5862893,66.19350073,93.16614879,33.48150044,25.90744215,Green,11.93958227
01/11/2025,29.33433988,16.67619216,65.59755684,27.39784522,119.7924892,69.01065642,88.7543365,60.98385014,29.71141762,Yellow,9.880865549
02/11/2025,47.41913562,15.36671427,65.27399622,25.80275609,122.894905,50.44132297,85.53508264,69.96751502,17.33538897,Green,11.5265464
03/11/2025,27.00584364,22.36402015,67.19353622,27.38097718,114.5965345,69.65042545,91.16342368,30.5715629,18.38496875,Yellow,8.748783043
04/11/2025,38.11278474,21.63804528,68.90258053,26.68368224,121.0532454,51.72264278,86.94004671,33.25853706,18.17697225,Green,11.62851905
05/11/2025,35.25992067,19.74630876,60.79406585,29.34653879,117.4434651,66.28773559,98.6573538,53.14298938,26.88809651,Yellow,9.245255257
06/11/2025,49.55946542,23.44170449,67.3149649,24.10745673,123.2333452,55.60669505,98.45290279,68.27243173,17.80360945,Green,10.73505155
07/11/2025,27.80097255,23.05670153,61.87411944,24.88355431,112.8244709,52.64359316,90.0474364,65.79071741,15.99989745,Yellow,8.755399843
08/11/2025,34.94638998,20.85354364,68.58177053,30.83503733,121.4175483,58.79711279,86.55767988,45.143776,29.9784121,Green,10.52765952
09/11/2025,49.23676083,23.68271281,68.19063514,31.41102164,113.7054071,62.87913159,94.74264828,59.75551413,15.37225817,Yellow,9.953465112
10/11/2025,46.63767815,17.0584121,65.40793755,30.8181405,115.5728613,57.6190369,80.73425887,26.78729265,27.5286609,Yellow,9.497900491
11/11/2025,45.42680177,16.11919619,67.10242799,25.61392793,114.374196,51.09130817,89.49538012,68.87190921,20.48050262,Yellow,9.975283398
12/11/2025,31.44757068,17.69749612,63.14350113,29.58402053,113.6567556,61.98922279,86.72646789,68.2176617,27.6242319,Yellow,9.861422809
13/11/2025,29.27218968,15.57086856,64.71167899,26.23969307,126.514219,68.04806552,98.4107177,28.18644789,23.31930737,Green,10.23079563
14/11/2025,41.7160805,20.31169528,68.21636898,26.47293837,115.7141514,57.66430732,80.24006055,34.97115624,28.52446844,Yellow,8.467585909
15/11/2025,48.23439973,24.36605692,64.59265197,23.2514812,128.5424756,54.32665555,91.05629751,25.00774988,28.8928948,Green,11.32123731
16/11/2025,38.91907233,15.39343541,63.57798265,27.50243334,129.3985305,58.85154692,94.81327162,33.58587994,15.13647272,Green,11.69740899
17/11/2025,39.29031724,16.22109914,64.94212447,23.04749488,121.4252094,50.96725422,89.70035975,60.79778947,16.13118264,Green,11.6974817
18/11/2025,31.99947734,19.52199028,68.28249252,24.64721169,112.8600225,66.40975169,81.7080606,38.91578036,18.75538094,Yellow,8.655576926
19/11/2025,44.23732333,24.33875018,63.35208047,30.40533222,117.4909649,66.52681622,99.4492278,24.41984836,25.03973125,Yellow,8.933651893
20/11/2025,29.67609371,18.16156105,61.73761593,23.2778339,125.9546453,61.76000927,90.36020863,37.11127624,28.32408295,Green,11.43285956
21/11/2025,33.09198091,20.07234809,67.1201402,21.78274114,117.3478146,57.06205778,92.28372489,69.06916671,21.89912927,Yellow,9.449781897
22/11/2025,35.63591097,15.41572859,68.25978213,21.75908352,111.7403444,65.99566729,84.73219565,51.48417976,24.10459674,Yellow,8.78724978
23/11/2025,37.69025947,16.48343201,61.00637479,31.34862973,121.1356982,61.0937405,89.6699617,40.80804732,17.82749779,Green,11.00730047
24/11/2025,31.06024331,24.86630123,62.39874113,26.57612482,126.902417,66.51864617,88.58298984,28.32692567,27.07450251,Green,11.75444286
25/11/2025,27.87092062,24.65118696,61.4197199,25.50353279,125.9185277,62.62917585,81.49791684,69.30883986,29.50992167,Green,11.45750841
26/11/2025,40.26550106,15.04939981,63.47941412,29.91966439,113.5024628,65.68810946,82.12320707,61.04245046,19.02898399,Yellow,8.792109203
27/11/2025,32.21576383,24.51811785,64.50350979,30.19408521,123.4552923,61.97125986,96.74945039,34.07386512,22.42238927,Green,11.30019882
28/11/2025,39.53095554,21.39119938,67.48826337,24.65410136,114.4100853,58.28282136,84.79639904,23.50343479,16.29174166,Yellow,8.679084468
29/11/2025,28.85906788,23.67918295,66.51147585,28.62979863,114.3641507,69.1589172,83.89916543,22.83127787,23.38704985,Yellow,9.414206417
30/11/2025,37.02850255,19.54739856,66.20928567,29.48235097,127.4814355,60.8222765,90.09822903,26.01890748,22.54175163,Green,11.27404772
01/12/2025,38.31473581,20.15596029,63.52374947,28.20115756,114.9933791,62.10179037,95.37494263,49.03842918,17.16654726,Yellow,8.036603164
02/12/2025,26.29558842,19.8884658,68.41447553,22.66754582,115.2649469,54.40975279,81.23893037,66.43817106,21.6309932,Yellow,9.728233468
03/12/2025,33.41510695,21.66864258,64.71287167,30.63471392,110.0130678,62.51301579,91.53615839,44.8371714,20.01156978,Yellow,8.405868868
04/12/2025,28.36036692,16.39651255,69.79104938,26.93004008,127.4133807,61.43215299,82.38420886,62.14727412,22.82746313,Green,11.92954735
05/12/2025,26.58437426,15.2997359,66.34142138,24.10719669,125.8518963,53.69676796,80.72922102,42.29433099,23.78481503,Green,11.60387845
06/12/2025,49.74900581,18.07929942,61.26264742,25.67751004,122.5465787,51.19174195,81.05487904,55.42917729,15.12743368,Green,10.25982089
07/12/2025,33.05884612,22.04680763,66.76177562,21.41328199,125.0053153,62.08718639,96.68328216,56.59363686,26.41508974,Green,10.45907459
08/12/2025,45.24686115,17.01853452,63.25104015,22.40653481,113.0409713,65.27384539,82.35944967,28.6981853,25.69521438,Yellow,8.433227585
09/12/2025,31.36601637,21.73432433,66.86327197,29.42101426,119.1664719,60.46802742,80.90302729,38.06080295,20.49429579,Yellow,8.22493947
10/12/2025,42.03756806,24.69912046,60.69641148,21.00012798,117.0243877,54.53545251,88.75799774,51.86510783,15.79403903,Yellow,9.299922019
11/12/2025,44.0056965,15.93900716,61.74881437,25.58222411,111.8755305,63.33043953,96.87986944,23.53483041,26.3239881,Yellow,9.67164939
12/12/2025,39.89096852,21.72602118,68.55737259,26.74761199,119.7226097,51.60211453,85.24816753,38.07700939,29.32762741,Yellow,8.846277955
13/12/2025,36.78940471,19.43750219,62.27179557,21.60097862,128.414793,58.8366741,88.43425235,46.73997331,18.60227394,Green,11.11535856
14/12/2025,35.29602285,23.68142254,68.37041125,31.70385979,110.8011824,53.26733517,80.79845065,69.81122465,19.85286921,Yellow,8.837959254
15/12/2025,33.72170666,16.77149789,62.79276088,23.48737864,115.8292183,53.68918102,88.98157028,43.72667813,17.75719334,Yellow,9.860396293
16/12/2025,48.23822861,21.92625952,66.4288191,24.34618592,114.1508187,54.04587898,91.55226161,60.80283786,23.65404185,Yellow,9.119530213
17/12/2025,45.76548519,23.3811529,66.94150574,24.34336763,114.7629331,57.73414114,91.41814108,41.60336425,17.32262092,Yellow,8.591360899
18/12/2025,49.12567277,24.44614219,65.12654753,23.53458328,128.168691,51.02300411,86.64853384,59.81953613,20.34290915,Green,10.08031873
19/12/2025,28.10743059,21.83248028,63.05310677,21.01621204,119.3613811,57.95586882,86.31066361,49.77074008,25.45519521,Yellow,9.510033688
20/12/2025,43.27168688,19.97174764,62.12644376,29.02279273,119.3259883,60.23414894,82.13247238,64.32977208,23.40173975,Yellow,8.461951613
21/12/2025,48.45851142,21.1784724,60.33189355,31.6353005,125.2115128,59.6658857,87.33596641,40.54712762,20.79693846,Green,11.36622241
22/12/2025,29.53082665,23.68904984,63.03946401,23.46722832,113.0898441,57.65568201,81.98989338,50.21522099,21.30374403,Yellow,9.616816111
23/12/2025,26.66240668,20.70609747,66.53162791,28.29351911,119.7453071,66.78293216,95.33191889,51.50093403,23.43166324,Yellow,8.368605102
24/12/2025,43.52801623,15.3038706,69.38304818,29.1608596,118.5997043,52.90653385,99.32548595,40.86914709,15.08797092,Yellow,9.579076643
25/12/2025,39.36182783,24.30948696,68.71204482,30.33267917,121.9382138,60.11393488,99.40148913,27.21560218,16.17764803,Green,11.13533035
26/12/2025,46.04571942,21.89526751,67.66064777,25.64892117,129.9911541,51.24082834,97.30142199,24.67797035,28.21887102,Green,10.38822014
27/12/2025,28.49430942,21.76513386,67.88447343,24.33223996,125.3889779,51.42311358,92.01584299,20.83357753,16.16818484,Green,10.85818766
28/12/2025,44.8816828,17.15675152,66.64984903,24.57824647,117.9573141,61.47731699,94.01731394,63.67671321,25.60205394,Yellow,8.220056485
29/12/2025,30.040683,21.5888547,62.60286858,28.83883466,126.551061,61.3203685,85.70411605,31.82374561,28.80057246,Green,11.30265132
30/12/2025,29.09139857,18.93864406,69.07195031,29.98457413,113.4141673,67.56067026,92.6154084,30.57533746,19.06025406,Yellow,9.4736553
31/12/2025,29.10664495,21.51232977,66.70732312,22.99775365,110.6092737,61.15747351,89.11299099,56.80177002,20.55737156,Yellow,8.005734448
